"Name","URI","Region GSS code","Period","Sales volume","Reporting period","House price index All property types","Average price All property types","Percentage change (monthly) All property types","Percentage change (yearly) All property types","House price index Detached houses","Average price Detached houses","Percentage change (monthly) Detached houses","Percentage change (yearly) Detached houses","House price index Semi-detached houses","Average price Semi-detached houses","Percentage change (monthly) Semi-detached houses","Percentage change (yearly) Semi-detached houses","House price index Terraced houses","Average price Terraced houses","Percentage change (monthly) Terraced houses","Percentage change (yearly) Terraced houses","House price index Flats and maisonettes","Average price Flats and maisonettes","Percentage change (monthly) Flats and maisonettes","Percentage change (yearly) Flats and maisonettes","Pivotable date"
London,http://landregistry.data.gov.uk/id/region/london,E12000007,2000-01,11333,monthly,24.5,139611,1.9,23.4,26.2,307616,5.9,24.0,23.9,171177,3.9,22.8,22.1,139849,2.5,23.7,26.0,119775,0.4,23.3,2000-01-01
London,http://landregistry.data.gov.uk/id/region/london,E12000007,2000-02,11414,monthly,24.9,142068,1.8,26.1,26.0,306320,-0.4,24.1,23.9,171154,0.0,23.2,22.4,141900,1.5,26.1,26.7,123025,2.7,27.1,2000-02-01
London,http://landregistry.data.gov.uk/id/region/london,E12000007,2000-03,14645,monthly,25.2,143760,1.2,25.0,26.5,311588,1.7,25.0,24.4,174302,1.8,23.8,22.8,144360,1.7,25.6,26.8,123751,0.6,25.0,2000-03-01
London,http://landregistry.data.gov.uk/id/region/london,E12000007,2000-04,12667,monthly,26.4,150595,4.8,28.3,27.4,321811,3.3,26.4,25.2,180306,3.4,25.6,23.7,149504,3.6,26.4,28.5,131287,6.1,30.7,2000-04-01
London,http://landregistry.data.gov.uk/id/region/london,E12000007,2000-05,13099,monthly,26.4,150800,0.1,26.7,27.7,325888,1.3,28.2,25.6,182952,1.5,26.5,23.8,150316,0.5,25.8,28.3,130444,-0.6,27.0,2000-05-01
London,http://landregistry.data.gov.uk/id/region/london,E12000007,2000-06,14270,monthly,26.9,153669,1.9,26.7,27.8,327097,0.4,24.3,25.9,185296,1.3,24.9,24.2,152694,1.6,25.0,29.0,133633,2.4,28.5,2000-06-01
London,http://landregistry.data.gov.uk/id/region/london,E12000007,2000-07,13278,monthly,27.4,156545,1.9,24.9,29.1,342690,4.8,25.5,26.5,189774,2.4,24.5,24.7,156115,2.2,23.6,29.3,135255,1.2,25.9,2000-07-01
London,http://landregistry.data.gov.uk/id/region/london,E12000007,2000-08,12690,monthly,27.6,157676,0.7,23.4,29.0,341451,-0.4,23.6,26.7,190717,0.5,23.2,24.6,155677,-0.3,20.9,29.8,137349,1.5,25.0,2000-08-01
London,http://landregistry.data.gov.uk/id/region/london,E12000007,2000-09,11521,monthly,27.6,157710,0.0,20.1,29.3,344615,0.9,20.9,26.5,189735,-0.5,20.2,24.7,156065,0.2,19.2,29.8,137303,0.0,20.4,2000-09-01
London,http://landregistry.data.gov.uk/id/region/london,E12000007,2000-10,11068,monthly,27.3,155900,-1.1,18.4,29.3,344661,0.0,20.3,26.7,191134,0.7,19.3,24.4,154300,-1.1,17.6,29.2,134766,-1.8,18.3,2000-10-01
London,http://landregistry.data.gov.uk/id/region/london,E12000007,2000-11,11301,monthly,27.7,158085,1.4,17.4,29.2,343998,-0.2,17.6,26.4,189109,-1.1,15.6,24.5,155005,0.5,14.9,30.1,138756,3.0,19.5,2000-11-01
London,http://landregistry.data.gov.uk/id/region/london,E12000007,2000-12,11983,monthly,27.7,157888,-0.1,15.3,28.6,336718,-2.1,15.9,26.4,188902,-0.1,14.7,24.6,155340,0.2,13.8,30.0,138512,-0.2,16.1,2000-12-01
London,http://landregistry.data.gov.uk/id/region/london,E12000007,2001-01,10315,monthly,28.0,160094,1.4,14.7,29.2,343412,2.0,11.6,26.8,191802,1.5,12.0,25.1,158395,2.0,13.3,30.3,139803,0.9,16.7,2001-01-01
London,http://landregistry.data.gov.uk/id/region/london,E12000007,2001-02,9963,monthly,28.1,160344,0.2,12.9,29.5,346896,1.0,13.2,27.1,193713,1.0,13.2,25.2,159108,0.5,12.1,30.2,139205,-0.4,13.2,2001-02-01
London,http://landregistry.data.gov.uk/id/region/london,E12000007,2001-03,12882,monthly,28.3,161591,0.8,12.4,29.1,342223,-1.3,9.8,27.0,193115,-0.3,10.8,25.3,159886,0.5,10.8,30.6,141390,1.6,14.3,2001-03-01
London,http://landregistry.data.gov.uk/id/region/london,E12000007,2001-04,12330,monthly,28.7,163651,1.3,8.7,29.6,347672,1.6,8.0,27.2,194532,0.7,7.9,25.7,162433,1.6,8.6,31.0,143096,1.2,9.0,2001-04-01
London,http://landregistry.data.gov.uk/id/region/london,E12000007,2001-05,13965,monthly,29.5,168244,2.8,11.6,29.8,350473,0.8,7.5,27.8,198845,2.2,8.7,26.4,166727,2.6,10.9,32.0,147841,3.3,13.3,2001-05-01
London,http://landregistry.data.gov.uk/id/region/london,E12000007,2001-06,15564,monthly,29.8,169961,1.0,10.6,30.0,352465,0.6,7.8,28.0,200505,0.8,8.2,26.5,167204,0.3,9.5,32.6,150303,1.7,12.5,2001-06-01
London,http://landregistry.data.gov.uk/id/region/london,E12000007,2001-07,16048,monthly,30.2,172490,1.5,10.2,31.4,369058,4.7,7.7,28.9,206508,3.0,8.8,27.0,170683,2.1,9.3,32.7,150686,0.3,11.4,2001-07-01
London,http://landregistry.data.gov.uk/id/region/london,E12000007,2001-08,17306,monthly,30.9,176243,2.2,11.8,31.7,373172,1.1,9.3,29.2,208865,1.1,9.5,27.6,174336,2.1,12.0,33.5,154702,2.7,12.6,2001-08-01
London,http://landregistry.data.gov.uk/id/region/london,E12000007,2001-09,13820,monthly,30.9,176449,0.1,11.9,32.0,376737,1.0,9.3,29.3,209857,0.5,10.6,27.6,174490,0.1,11.8,33.5,154603,-0.1,12.6,2001-09-01
London,http://landregistry.data.gov.uk/id/region/london,E12000007,2001-10,14320,monthly,31.2,177915,0.8,14.1,32.4,381376,1.2,10.7,29.8,213154,1.6,11.5,27.9,176280,1.0,14.2,33.6,155212,0.4,15.2,2001-10-01
London,http://landregistry.data.gov.uk/id/region/london,E12000007,2001-11,14294,monthly,31.4,179011,0.6,13.2,32.2,379348,-0.5,10.3,29.9,213970,0.4,13.1,27.9,176329,0.0,13.8,34.1,157127,1.2,13.2,2001-11-01
London,http://landregistry.data.gov.uk/id/region/london,E12000007,2001-12,11937,monthly,31.4,179524,0.3,13.7,31.7,372958,-1.7,10.8,29.7,212540,-0.7,12.5,27.8,175456,-0.5,12.9,34.5,159294,1.4,15.0,2001-12-01
London,http://landregistry.data.gov.uk/id/region/london,E12000007,2002-01,10337,monthly,31.9,181823,1.3,13.6,32.8,385946,3.5,12.4,30.5,218064,2.6,13.7,28.3,178808,1.9,12.9,34.6,159571,0.2,14.1,2002-01-01
London,http://landregistry.data.gov.uk/id/region/london,E12000007,2002-02,10786,monthly,32.0,182531,0.4,13.8,32.3,380464,-1.4,9.7,30.3,216570,-0.7,11.8,28.5,180203,0.8,13.3,34.8,160609,0.7,15.4,2002-02-01
London,http://landregistry.data.gov.uk/id/region/london,E12000007,2002-03,13747,monthly,32.4,184937,1.3,14.4,32.7,385151,1.2,12.5,30.7,219348,1.3,13.6,28.8,182211,1.1,14.0,35.3,162997,1.5,15.3,2002-03-01
London,http://landregistry.data.gov.uk/id/region/london,E12000007,2002-04,14025,monthly,33.4,190791,3.2,16.6,33.5,394035,2.3,13.3,31.4,224656,2.4,15.5,29.5,186638,2.4,14.9,36.8,169594,4.0,18.5,2002-04-01
London,http://landregistry.data.gov.uk/id/region/london,E12000007,2002-05,17735,monthly,34.3,195703,2.6,16.3,34.2,402368,2.1,14.8,32.4,231576,3.1,16.5,30.4,192294,3.0,15.3,37.5,173169,2.1,17.1,2002-05-01
London,http://landregistry.data.gov.uk/id/region/london,E12000007,2002-06,14368,monthly,34.9,199164,1.8,17.2,34.4,404775,0.6,14.8,32.5,232352,0.3,15.9,30.9,195040,1.4,16.6,38.5,177731,2.6,18.2,2002-06-01
London,http://landregistry.data.gov.uk/id/region/london,E12000007,2002-07,18061,monthly,35.8,204649,2.8,18.6,36.3,426860,5.5,15.7,33.9,242058,4.2,17.2,32.0,202102,3.6,18.4,39.1,180217,1.4,19.6,2002-07-01
London,http://landregistry.data.gov.uk/id/region/london,E12000007,2002-08,17567,monthly,36.6,209114,2.2,18.7,36.7,432074,1.2,15.8,34.6,247531,2.3,18.5,32.7,206920,2.4,18.7,39.9,183990,2.1,18.9,2002-08-01
London,http://landregistry.data.gov.uk/id/region/london,E12000007,2002-09,15091,monthly,37.0,210947,0.9,19.6,37.2,437036,1.1,16.0,35.1,251090,1.4,19.6,33.0,208315,0.7,19.4,40.2,185466,0.8,20.0,2002-09-01
London,http://landregistry.data.gov.uk/id/region/london,E12000007,2002-10,14509,monthly,37.3,213139,1.0,19.8,37.7,443058,1.4,16.2,35.7,255604,1.8,19.9,33.3,210794,1.2,19.6,40.5,186640,0.6,20.2,2002-10-01
London,http://landregistry.data.gov.uk/id/region/london,E12000007,2002-11,14324,monthly,38.0,216816,1.7,21.1,38.4,451612,1.9,19.0,36.0,257512,0.7,20.3,33.8,213560,1.3,21.1,41.4,191037,2.4,21.6,2002-11-01
London,http://landregistry.data.gov.uk/id/region/london,E12000007,2002-12,13443,monthly,38.2,217791,0.4,21.3,38.0,446637,-1.1,19.8,36.5,261152,1.4,22.9,34.0,214876,0.6,22.5,41.5,191288,0.1,20.1,2002-12-01
London,http://landregistry.data.gov.uk/id/region/london,E12000007,2003-01,11365,monthly,38.8,221778,1.8,22.0,39.0,458870,2.7,18.9,36.9,263514,0.9,20.8,35.0,221032,2.9,23.6,42.0,193835,1.3,21.5,2003-01-01
London,http://landregistry.data.gov.uk/id/region/london,E12000007,2003-02,10320,monthly,38.7,221031,-0.3,21.1,38.6,454321,-1.0,19.4,37.1,265542,0.8,22.6,34.6,218924,-1.0,21.5,41.9,193416,-0.2,20.4,2003-02-01
London,http://landregistry.data.gov.uk/id/region/london,E12000007,2003-03,10600,monthly,38.6,220077,-0.4,19.0,38.7,454656,0.1,18.0,36.9,263973,-0.6,20.3,34.6,218515,-0.2,19.9,41.7,192259,-0.6,18.0,2003-03-01
London,http://landregistry.data.gov.uk/id/region/london,E12000007,2003-04,10380,monthly,39.0,222625,1.2,16.7,38.7,455349,0.2,15.6,37.3,267059,1.2,18.9,34.8,220024,0.7,17.9,42.3,195308,1.6,15.2,2003-04-01
London,http://landregistry.data.gov.uk/id/region/london,E12000007,2003-05,11169,monthly,39.5,225440,1.3,15.2,39.0,458685,0.7,14.0,37.9,270667,1.4,16.9,35.6,225079,2.3,17.0,42.6,196358,0.5,13.4,2003-05-01
London,http://landregistry.data.gov.uk/id/region/london,E12000007,2003-06,11990,monthly,39.2,223682,-0.8,12.3,38.9,457247,-0.3,13.0,37.5,268247,-0.9,15.4,35.1,221962,-1.4,13.8,42.4,195692,-0.3,10.1,2003-06-01
London,http://landregistry.data.gov.uk/id/region/london,E12000007,2003-07,13468,monthly,40.1,228891,2.3,11.8,39.7,466867,2.1,9.4,38.5,275321,2.6,13.7,36.1,228419,2.9,13.0,43.2,199256,1.8,10.6,2003-07-01
London,http://landregistry.data.gov.uk/id/region/london,E12000007,2003-08,14417,monthly,39.9,227698,-0.5,8.9,39.4,463942,-0.6,7.4,38.3,273684,-0.6,10.6,36.0,227725,-0.3,10.1,42.9,197974,-0.6,7.6,2003-08-01
London,http://landregistry.data.gov.uk/id/region/london,E12000007,2003-09,14741,monthly,39.9,227921,0.1,8.0,39.9,469426,1.2,7.4,38.5,275363,0.6,9.7,36.1,228156,0.2,9.5,42.8,197488,-0.2,6.5,2003-09-01
London,http://landregistry.data.gov.uk/id/region/london,E12000007,2003-10,15741,monthly,40.2,229749,0.8,7.8,39.8,468201,-0.3,5.7,38.7,276703,0.5,8.3,36.4,230162,0.9,9.2,43.2,199369,1.0,6.8,2003-10-01
London,http://landregistry.data.gov.uk/id/region/london,E12000007,2003-11,14754,monthly,40.4,230764,0.4,6.4,39.6,465490,-0.6,3.1,38.7,276628,0.0,7.4,36.6,231420,0.5,8.4,43.5,200613,0.6,5.0,2003-11-01
London,http://landregistry.data.gov.uk/id/region/london,E12000007,2003-12,14839,monthly,40.7,232279,0.7,6.7,39.2,460747,-1.0,3.2,38.8,277213,0.2,6.2,36.6,231588,0.1,7.8,44.1,203409,1.4,6.3,2003-12-01
London,http://landregistry.data.gov.uk/id/region/london,E12000007,2004-01,12767,monthly,41.0,234296,0.9,5.6,40.4,475517,3.2,3.6,39.3,280786,1.3,6.6,37.1,234707,1.3,6.2,44.2,203752,0.2,5.1,2004-01-01
London,http://landregistry.data.gov.uk/id/region/london,E12000007,2004-02,12160,monthly,41.2,235311,0.4,6.5,40.5,476220,0.1,4.8,39.5,282599,0.6,6.4,37.5,236771,0.9,8.2,44.2,203962,0.1,5.5,2004-02-01
London,http://landregistry.data.gov.uk/id/region/london,E12000007,2004-03,14409,monthly,41.5,236939,0.7,7.7,40.2,473100,-0.7,4.1,39.3,280839,-0.6,6.4,37.6,237935,0.5,8.9,44.8,206693,1.3,7.5,2004-03-01
London,http://landregistry.data.gov.uk/id/region/london,E12000007,2004-04,14873,monthly,42.4,241798,2.1,8.6,40.5,476870,0.8,4.7,40.3,288327,2.7,8.0,38.7,244420,2.7,11.1,45.5,209844,1.5,7.4,2004-04-01
London,http://landregistry.data.gov.uk/id/region/london,E12000007,2004-05,13613,monthly,42.6,243369,0.6,8.0,40.0,470979,-1.2,2.7,40.4,289030,0.2,6.8,38.8,245266,0.3,9.0,46.0,212191,1.1,8.1,2004-05-01
London,http://landregistry.data.gov.uk/id/region/london,E12000007,2004-06,16163,monthly,43.2,246395,1.2,10.2,40.8,479831,1.9,4.9,40.8,291658,0.9,8.7,39.1,247185,0.8,11.4,46.7,215579,1.6,10.2,2004-06-01
London,http://landregistry.data.gov.uk/id/region/london,E12000007,2004-07,17612,monthly,43.9,250378,1.6,9.4,41.7,489954,2.1,4.9,41.7,298436,2.3,8.4,40.1,253460,2.5,11.0,47.1,217245,0.8,9.0,2004-07-01
London,http://landregistry.data.gov.uk/id/region/london,E12000007,2004-08,15020,monthly,44.0,251404,0.4,10.4,42.2,495890,1.2,6.9,41.8,298713,0.1,9.1,40.2,254269,0.3,11.7,47.3,218345,0.5,10.3,2004-08-01
London,http://landregistry.data.gov.uk/id/region/london,E12000007,2004-09,13500,monthly,43.9,250652,-0.3,10.0,42.0,494405,-0.3,5.3,41.7,298201,-0.2,8.3,40.1,253700,-0.2,11.2,47.1,217501,-0.4,10.1,2004-09-01
London,http://landregistry.data.gov.uk/id/region/london,E12000007,2004-10,12031,monthly,43.6,248676,-0.8,8.2,41.7,491049,-0.7,4.9,41.5,296494,-0.6,7.2,39.8,251684,-0.8,9.4,46.7,215629,-0.9,8.2,2004-10-01
London,http://landregistry.data.gov.uk/id/region/london,E12000007,2004-11,10790,monthly,44.0,251278,1.0,8.9,41.8,491844,0.2,5.7,41.7,297927,0.5,7.7,40.1,253498,0.7,9.5,47.4,218866,1.5,9.1,2004-11-01
London,http://landregistry.data.gov.uk/id/region/london,E12000007,2004-12,10859,monthly,43.2,246425,-1.9,6.1,41.1,483169,-1.8,4.9,40.9,292276,-1.9,5.4,39.4,248945,-1.8,7.5,46.5,214397,-2.0,5.4,2004-12-01
London,http://landregistry.data.gov.uk/id/region/london,E12000007,2005-01,8020,monthly,43.6,248820,1.0,6.2,41.7,490701,1.6,3.2,41.2,294327,0.7,4.8,39.9,252251,1.3,7.5,46.8,216077,0.8,6.0,2005-01-01
London,http://landregistry.data.gov.uk/id/region/london,E12000007,2005-02,7829,monthly,43.4,247642,-0.5,5.2,41.2,484700,-1.2,1.8,41.0,293402,-0.3,3.8,39.7,250786,-0.6,5.9,46.6,215219,-0.4,5.5,2005-02-01
London,http://landregistry.data.gov.uk/id/region/london,E12000007,2005-03,9361,monthly,43.4,247580,0.0,4.5,41.0,481820,-0.6,1.8,40.9,292114,-0.4,4.0,39.8,251375,0.2,5.6,46.6,215180,0.0,4.1,2005-03-01
London,http://landregistry.data.gov.uk/id/region/london,E12000007,2005-04,10290,monthly,44.1,251973,1.8,4.2,41.2,485188,0.7,1.7,41.5,296917,1.6,3.0,40.5,256312,2.0,4.9,47.5,219004,1.8,4.4,2005-04-01
London,http://landregistry.data.gov.uk/id/region/london,E12000007,2005-05,10649,monthly,44.2,252313,0.1,3.7,41.7,490428,1.1,4.1,41.7,298391,0.5,3.2,40.5,255929,-0.1,4.3,47.5,219295,0.1,3.3,2005-05-01
London,http://landregistry.data.gov.uk/id/region/london,E12000007,2005-06,12308,monthly,44.2,252542,0.1,2.5,41.2,485026,-1.1,1.1,41.6,297537,-0.3,2.0,40.8,258092,0.8,4.4,47.4,218902,-0.2,1.5,2005-06-01
London,http://landregistry.data.gov.uk/id/region/london,E12000007,2005-07,13536,monthly,44.6,254654,0.8,1.7,41.8,491786,1.4,0.4,42.1,301085,1.2,0.9,41.1,259582,0.6,2.4,47.8,220760,0.8,1.6,2005-07-01
London,http://landregistry.data.gov.uk/id/region/london,E12000007,2005-08,13208,monthly,44.6,254761,0.0,1.3,41.9,492503,0.1,-0.7,41.8,298656,-0.8,0.0,41.1,259514,0.0,2.1,48.0,221515,0.3,1.5,2005-08-01
London,http://landregistry.data.gov.uk/id/region/london,E12000007,2005-09,13541,monthly,44.4,253631,-0.4,1.2,42.0,494452,0.4,0.0,42.0,300412,0.6,0.7,41.1,259672,0.1,2.4,47.5,218981,-1.1,0.7,2005-09-01
London,http://landregistry.data.gov.uk/id/region/london,E12000007,2005-10,12382,monthly,43.9,250828,-1.1,0.9,41.2,484912,-1.9,-1.2,41.4,296154,-1.4,-0.1,40.5,256177,-1.3,1.8,47.1,217250,-0.8,0.8,2005-10-01
London,http://landregistry.data.gov.uk/id/region/london,E12000007,2005-11,12568,monthly,44.4,253251,1.0,0.8,41.5,487652,0.6,-0.9,41.7,298285,0.7,0.1,40.9,258770,1.0,2.1,47.6,219518,1.0,0.3,2005-11-01
London,http://landregistry.data.gov.uk/id/region/london,E12000007,2005-12,13144,monthly,44.7,255195,0.8,3.6,40.9,480546,-1.5,-0.5,41.3,295301,-1.0,1.0,41.0,259416,0.2,4.2,48.5,223534,1.8,4.3,2005-12-01
London,http://landregistry.data.gov.uk/id/region/london,E12000007,2006-01,10862,monthly,45.0,256767,0.6,3.2,42.3,497065,3.4,1.3,42.2,301750,2.2,2.5,41.5,262575,1.2,4.1,48.2,222515,-0.5,3.0,2006-01-01
London,http://landregistry.data.gov.uk/id/region/london,E12000007,2006-02,10885,monthly,44.8,255985,-0.3,3.4,41.8,491172,-1.2,1.3,42.0,300017,-0.6,2.3,41.3,260803,-0.7,4.0,48.3,222711,0.1,3.5,2006-02-01
London,http://landregistry.data.gov.uk/id/region/london,E12000007,2006-03,13982,monthly,45.3,258410,0.9,4.4,42.3,497143,1.2,3.2,42.3,302232,0.7,3.5,41.8,264034,1.2,5.0,48.7,224509,0.8,4.3,2006-03-01
London,http://landregistry.data.gov.uk/id/region/london,E12000007,2006-04,11953,monthly,46.0,262793,1.7,4.3,42.4,498605,0.3,2.8,42.9,306521,1.4,3.2,42.5,268844,1.8,4.9,49.5,228601,1.8,4.4,2006-04-01
London,http://landregistry.data.gov.uk/id/region/london,E12000007,2006-05,13349,monthly,46.4,265059,0.9,5.1,42.8,504008,1.1,2.8,43.1,308173,0.5,3.3,42.7,270229,0.5,5.6,50.1,231261,1.2,5.5,2006-05-01
London,http://landregistry.data.gov.uk/id/region/london,E12000007,2006-06,16075,monthly,47.1,269156,1.5,6.6,43.4,510081,1.2,5.2,43.6,311776,1.2,4.8,43.6,275364,1.9,6.7,50.9,234659,1.5,7.2,2006-06-01
London,http://landregistry.data.gov.uk/id/region/london,E12000007,2006-07,16182,monthly,47.6,271795,1.0,6.7,44.0,518026,1.6,5.3,44.3,316872,1.6,5.2,44.3,279964,1.7,7.9,51.0,235360,0.3,6.6,2006-07-01
London,http://landregistry.data.gov.uk/id/region/london,E12000007,2006-08,16833,monthly,48.1,274815,1.1,7.9,44.5,523904,1.1,6.4,44.7,319659,0.9,7.0,44.6,282171,0.8,8.7,51.7,238620,1.4,7.7,2006-08-01
London,http://landregistry.data.gov.uk/id/region/london,E12000007,2006-09,15674,monthly,48.3,275712,0.3,8.7,45.0,528981,1.0,7.0,44.9,320935,0.4,6.8,44.6,282071,0.0,8.6,52.0,239759,0.5,9.5,2006-09-01
London,http://landregistry.data.gov.uk/id/region/london,E12000007,2006-10,15193,monthly,48.6,277396,0.6,10.6,45.0,529009,0.0,9.1,45.0,322050,0.3,8.7,44.9,283598,0.5,10.7,52.4,241649,0.8,11.2,2006-10-01
London,http://landregistry.data.gov.uk/id/region/london,E12000007,2006-11,15230,monthly,48.5,277074,-0.1,9.4,45.1,530848,0.3,8.9,45.2,323545,0.5,8.5,45.0,284579,0.3,10.0,52.1,240141,-0.6,9.4,2006-11-01
London,http://landregistry.data.gov.uk/id/region/london,E12000007,2006-12,15232,monthly,49.6,283155,2.2,11.0,45.7,537831,1.3,11.9,45.8,327484,1.2,10.9,45.8,289599,1.8,11.6,53.5,246983,2.8,10.5,2006-12-01
London,http://landregistry.data.gov.uk/id/region/london,E12000007,2007-01,12794,monthly,50.2,286542,1.2,11.6,46.2,543539,1.1,9.3,46.3,330765,1.0,9.6,46.4,293575,1.4,11.8,54.2,249842,1.2,12.3,2007-01-01
London,http://landregistry.data.gov.uk/id/region/london,E12000007,2007-02,12194,monthly,50.8,289884,1.2,13.2,46.7,549292,1.1,11.8,46.7,333952,1.0,11.3,46.6,294448,0.3,12.9,55.1,254179,1.7,14.1,2007-02-01
London,http://landregistry.data.gov.uk/id/region/london,E12000007,2007-03,14546,monthly,51.3,292774,1.0,13.3,47.1,554563,1.0,11.6,47.1,336813,0.9,11.4,47.5,299964,1.9,13.6,55.4,255550,0.5,13.8,2007-03-01
London,http://landregistry.data.gov.uk/id/region/london,E12000007,2007-04,12568,monthly,52.3,298476,1.9,13.6,47.7,561193,1.2,12.6,47.9,342352,1.6,11.7,48.6,307052,2.4,14.2,56.4,260296,1.9,13.9,2007-04-01
London,http://landregistry.data.gov.uk/id/region/london,E12000007,2007-05,14059,monthly,53.0,302673,1.4,14.2,48.0,564154,0.5,11.9,48.4,345742,1.0,12.2,48.9,309007,0.6,14.4,57.6,265616,2.0,14.9,2007-05-01
London,http://landregistry.data.gov.uk/id/region/london,E12000007,2007-06,15799,monthly,53.6,306133,1.1,13.7,48.9,574747,1.9,12.7,48.8,349252,1.0,12.0,49.5,312745,1.2,13.6,58.2,268487,1.1,14.4,2007-06-01
London,http://landregistry.data.gov.uk/id/region/london,E12000007,2007-07,16037,monthly,55.5,316556,3.4,16.5,51.0,599685,4.3,15.8,50.8,363212,4.0,14.6,51.2,323839,3.5,15.7,60.0,276754,3.1,17.6,2007-07-01
London,http://landregistry.data.gov.uk/id/region/london,E12000007,2007-08,16824,monthly,55.8,318654,0.7,16.0,50.8,598031,-0.3,14.1,50.7,362363,-0.2,13.4,51.7,327073,1.0,15.9,60.5,278979,0.8,16.9,2007-08-01
London,http://landregistry.data.gov.uk/id/region/london,E12000007,2007-09,13748,monthly,56.0,319468,0.3,15.9,51.5,605304,1.2,14.4,50.9,363963,0.4,13.4,51.5,325516,-0.5,15.4,60.8,280503,0.5,17.0,2007-09-01
London,http://landregistry.data.gov.uk/id/region/london,E12000007,2007-10,13890,monthly,56.0,319623,0.0,15.2,51.7,608568,0.5,15.0,50.9,363786,0.0,13.0,51.5,325563,0.0,14.8,60.8,280661,0.1,16.1,2007-10-01
London,http://landregistry.data.gov.uk/id/region/london,E12000007,2007-11,13174,monthly,55.8,318648,-0.3,15.0,52.2,613619,0.8,15.6,51.4,367259,1.0,13.5,51.4,324864,-0.2,14.2,60.3,278401,-0.8,15.9,2007-11-01
London,http://landregistry.data.gov.uk/id/region/london,E12000007,2007-12,9938,monthly,55.9,319019,0.1,12.7,51.3,604009,-1.6,12.3,51.0,364610,-0.7,11.3,51.3,324156,-0.2,11.9,60.8,280320,0.7,13.5,2007-12-01
London,http://landregistry.data.gov.uk/id/region/london,E12000007,2008-01,8541,monthly,56.0,319663,0.2,11.6,52.3,615754,1.9,13.3,51.2,366349,0.5,10.8,51.6,326288,0.7,11.1,60.6,279541,-0.3,11.9,2008-01-01
London,http://landregistry.data.gov.uk/id/region/london,E12000007,2008-02,8773,monthly,55.5,316563,-1.0,9.2,51.5,605380,-1.7,10.2,50.8,363454,-0.8,8.8,51.0,322334,-1.2,9.5,60.1,277202,-0.8,9.1,2008-02-01
London,http://landregistry.data.gov.uk/id/region/london,E12000007,2008-03,8002,monthly,55.1,314319,-0.7,7.4,51.0,599896,-0.9,8.2,50.6,361748,-0.5,7.4,51.0,322522,0.1,7.5,59.4,273991,-1.2,7.2,2008-03-01
London,http://landregistry.data.gov.uk/id/region/london,E12000007,2008-04,8074,monthly,55.2,315113,0.3,5.6,51.9,610558,1.8,8.8,50.6,361694,0.0,5.6,51.0,322397,0.0,5.0,59.6,274992,0.4,5.6,2008-04-01
London,http://landregistry.data.gov.uk/id/region/london,E12000007,2008-05,8075,monthly,55.4,315988,0.3,4.4,51.2,602193,-1.4,6.7,50.8,362980,0.4,5.0,51.1,323041,0.2,4.5,59.9,276149,0.4,4.0,2008-05-01
London,http://landregistry.data.gov.uk/id/region/london,E12000007,2008-06,7540,monthly,54.4,310568,-1.7,1.4,50.5,593982,-1.4,3.3,49.9,356911,-1.7,2.2,50.5,319333,-1.1,2.1,58.6,270489,-2.0,0.7,2008-06-01
London,http://landregistry.data.gov.uk/id/region/london,E12000007,2008-07,6935,monthly,54.4,310740,0.1,-1.8,50.8,597975,0.7,-0.3,49.7,355477,-0.4,-2.1,50.0,315950,-1.1,-2.4,59.1,272444,0.7,-1.6,2008-07-01
London,http://landregistry.data.gov.uk/id/region/london,E12000007,2008-08,5982,monthly,52.8,301598,-2.9,-5.4,49.5,582789,-2.5,-2.5,48.6,347491,-2.2,-4.1,48.7,307750,-2.6,-5.9,57.1,263355,-3.3,-5.6,2008-08-01
London,http://landregistry.data.gov.uk/id/region/london,E12000007,2008-09,5191,monthly,51.8,295994,-1.9,-7.3,48.8,573931,-1.5,-5.2,47.3,338206,-2.7,-7.1,47.5,300372,-2.4,-7.7,56.3,259717,-1.4,-7.4,2008-09-01
London,http://landregistry.data.gov.uk/id/region/london,E12000007,2008-10,5225,monthly,50.1,285837,-3.4,-10.6,47.2,554736,-3.3,-8.8,45.8,327173,-3.3,-10.1,45.5,287643,-4.2,-11.6,54.6,251779,-3.1,-10.3,2008-10-01
London,http://landregistry.data.gov.uk/id/region/london,E12000007,2008-11,4078,monthly,48.5,276896,-3.1,-13.1,45.9,539786,-2.7,-12.0,44.7,319539,-2.3,-13.0,44.6,282044,-1.9,-13.2,52.4,241752,-4.0,-13.2,2008-11-01
London,http://landregistry.data.gov.uk/id/region/london,E12000007,2008-12,4505,monthly,47.6,271793,-1.8,-14.8,44.7,525981,-2.6,-12.9,43.9,314267,-1.6,-13.8,44.0,277818,-1.5,-14.3,51.3,236865,-2.0,-15.5,2008-12-01
London,http://landregistry.data.gov.uk/id/region/london,E12000007,2009-01,3269,monthly,47.5,270949,-0.3,-15.2,45.1,530955,0.9,-13.8,43.5,311299,-0.9,-15.0,43.3,273597,-1.5,-16.1,51.5,237830,0.4,-14.9,2009-01-01
London,http://landregistry.data.gov.uk/id/region/london,E12000007,2009-02,3251,monthly,46.9,267474,-1.3,-15.5,43.3,509256,-4.1,-15.9,42.9,306706,-1.5,-15.6,42.8,270633,-1.1,-16.0,51.0,235337,-1.0,-15.1,2009-02-01
London,http://landregistry.data.gov.uk/id/region/london,E12000007,2009-03,4097,monthly,46.4,264709,-1.0,-15.8,42.9,504446,-0.9,-15.9,42.2,302002,-1.5,-16.5,42.2,266943,-1.4,-17.2,50.7,233799,-0.7,-14.7,2009-03-01
London,http://landregistry.data.gov.uk/id/region/london,E12000007,2009-04,4323,monthly,46.0,262661,-0.8,-16.6,42.5,499975,-0.9,-18.1,42.2,302053,0.0,-16.5,42.2,266798,-0.1,-17.2,49.9,230300,-1.5,-16.3,2009-04-01
London,http://landregistry.data.gov.uk/id/region/london,E12000007,2009-05,5011,monthly,46.9,267629,1.9,-15.3,43.0,506144,1.2,-15.9,42.8,306297,1.4,-15.6,42.9,271424,1.7,-16.0,51.0,235443,2.2,-14.7,2009-05-01
London,http://landregistry.data.gov.uk/id/region/london,E12000007,2009-06,6001,monthly,47.6,271488,1.4,-12.6,43.6,512953,1.3,-13.6,43.4,310063,1.2,-13.1,44.0,278084,2.5,-12.9,51.5,237527,0.9,-12.2,2009-06-01
London,http://landregistry.data.gov.uk/id/region/london,E12000007,2009-07,7900,monthly,48.7,278122,2.4,-10.5,45.1,530360,3.4,-11.3,44.9,321015,3.5,-9.7,45.2,285815,2.8,-9.5,52.4,241685,1.8,-11.3,2009-07-01
London,http://landregistry.data.gov.uk/id/region/london,E12000007,2009-08,7548,monthly,49.1,280566,0.9,-7.0,45.8,538476,1.5,-7.6,45.5,325184,1.3,-6.4,45.7,288747,1.0,-6.2,52.7,243063,0.6,-7.7,2009-08-01
London,http://landregistry.data.gov.uk/id/region/london,E12000007,2009-09,7920,monthly,50.2,286374,2.1,-3.2,46.3,544355,1.1,-5.2,45.8,327829,0.8,-3.1,46.3,292868,1.4,-2.5,54.3,250441,3.0,-3.6,2009-09-01
London,http://landregistry.data.gov.uk/id/region/london,E12000007,2009-10,8449,monthly,50.4,287743,0.5,0.7,47.0,552670,1.5,-0.4,46.5,332834,1.5,1.7,46.8,295924,1.0,2.9,54.1,249552,-0.4,-0.9,2009-10-01
London,http://landregistry.data.gov.uk/id/region/london,E12000007,2009-11,7962,monthly,50.0,285663,-0.7,3.2,46.6,548564,-0.7,1.6,46.0,329160,-1.1,3.0,46.8,295521,-0.1,4.8,53.6,247156,-1.0,2.2,2009-11-01
London,http://landregistry.data.gov.uk/id/region/london,E12000007,2009-12,9500,monthly,50.7,289176,1.2,6.4,46.8,550264,0.3,4.6,46.9,335214,1.8,6.7,47.3,299020,1.2,7.6,54.2,249973,1.1,5.5,2009-12-01
London,http://landregistry.data.gov.uk/id/region/london,E12000007,2010-01,6212,monthly,52.5,299459,3.6,10.5,48.9,575218,4.5,8.3,48.5,346822,3.5,11.4,49.1,310224,3.7,13.4,56.0,258390,3.4,8.6,2010-01-01
London,http://landregistry.data.gov.uk/id/region/london,E12000007,2010-02,6312,monthly,52.3,298420,-0.3,11.6,48.8,574146,-0.2,12.7,48.6,347242,0.1,13.2,49.0,309475,-0.2,14.4,55.7,256874,-0.6,9.2,2010-02-01
London,http://landregistry.data.gov.uk/id/region/london,E12000007,2010-03,7308,monthly,52.6,300260,0.6,13.4,49.6,583273,1.6,15.6,48.6,347645,0.1,15.1,48.8,308327,-0.4,15.5,56.4,260176,1.3,11.3,2010-03-01
London,http://landregistry.data.gov.uk/id/region/london,E12000007,2010-04,7032,monthly,52.9,301876,0.5,14.9,49.4,580818,-0.4,16.2,48.9,349557,0.6,15.7,49.2,311210,0.9,16.6,56.6,261209,0.4,13.4,2010-04-01
London,http://landregistry.data.gov.uk/id/region/london,E12000007,2010-05,7106,monthly,52.8,301641,-0.1,12.7,49.5,582684,0.3,15.1,48.9,349650,0.0,14.2,49.4,312358,0.4,15.1,56.4,260105,-0.4,10.5,2010-05-01
London,http://landregistry.data.gov.uk/id/region/london,E12000007,2010-06,8756,monthly,53.4,304616,1.0,12.2,49.9,587069,0.8,14.4,49.2,351867,0.6,13.5,49.9,315451,1.0,13.4,57.0,263041,1.1,10.7,2010-06-01
London,http://landregistry.data.gov.uk/id/region/london,E12000007,2010-07,9461,monthly,54.9,313428,2.9,12.7,52.1,613280,4.5,15.6,50.9,363713,3.4,13.3,51.6,326305,3.4,14.2,58.3,268935,2.2,11.3,2010-07-01
London,http://landregistry.data.gov.uk/id/region/london,E12000007,2010-08,8570,monthly,54.5,311152,-0.7,10.9,51.4,605077,-1.3,12.4,51.0,364581,0.2,12.1,51.1,322740,-1.1,11.8,57.8,266868,-0.8,9.8,2010-08-01
London,http://landregistry.data.gov.uk/id/region/london,E12000007,2010-09,8194,monthly,54.4,310560,-0.2,8.4,52.1,612302,1.2,12.5,50.7,362332,-0.6,10.5,51.0,322664,0.0,10.2,57.7,266097,-0.3,6.3,2010-09-01
London,http://landregistry.data.gov.uk/id/region/london,E12000007,2010-10,7871,monthly,53.7,306318,-1.4,6.5,51.0,600389,-1.9,8.6,50.0,357619,-1.3,7.4,50.2,317120,-1.7,7.2,57.0,263132,-1.1,5.4,2010-10-01
London,http://landregistry.data.gov.uk/id/region/london,E12000007,2010-11,7663,monthly,52.9,302206,-1.3,5.8,50.8,597466,-0.5,8.9,49.7,355367,-0.6,8.0,49.3,311430,-1.8,5.4,56.2,259443,-1.4,5.0,2010-11-01
London,http://landregistry.data.gov.uk/id/region/london,E12000007,2010-12,7448,monthly,53.5,305486,1.1,5.6,50.7,596935,-0.1,8.5,49.9,356648,0.4,6.4,49.8,314979,1.1,5.3,57.0,263142,1.4,5.3,2010-12-01
London,http://landregistry.data.gov.uk/id/region/london,E12000007,2011-01,5870,monthly,54.0,308301,0.9,3.0,52.2,614568,3.0,6.8,50.2,359182,0.7,3.6,50.5,318988,1.3,2.8,57.4,264647,0.6,2.4,2011-01-01
London,http://landregistry.data.gov.uk/id/region/london,E12000007,2011-02,5796,monthly,53.5,305350,-1.0,2.3,51.8,609020,-0.9,6.1,49.8,355841,-0.9,2.5,49.6,313483,-1.7,1.3,57.1,263339,-0.5,2.5,2011-02-01
London,http://landregistry.data.gov.uk/id/region/london,E12000007,2011-03,6675,monthly,53.8,307347,0.7,2.4,52.1,612984,0.7,5.1,49.5,354138,-0.5,1.9,49.7,314452,0.3,2.0,57.8,266670,1.3,2.5,2011-03-01
London,http://landregistry.data.gov.uk/id/region/london,E12000007,2011-04,6903,monthly,55.1,314735,2.4,4.3,51.8,609597,-0.6,5.0,50.2,358735,1.3,2.6,51.1,322861,2.7,3.7,59.5,274537,3.0,5.1,2011-04-01
London,http://landregistry.data.gov.uk/id/region/london,E12000007,2011-05,6460,monthly,53.4,304810,-3.2,1.1,50.2,590960,-3.1,1.4,49.5,354286,-1.2,1.3,49.7,313907,-2.8,0.5,57.1,263415,-4.1,1.3,2011-05-01
London,http://landregistry.data.gov.uk/id/region/london,E12000007,2011-06,7846,monthly,53.6,306078,0.4,0.5,49.8,585256,-1.0,-0.3,49.3,352687,-0.5,0.2,49.8,315016,0.4,-0.1,57.6,265810,0.9,1.1,2011-06-01
London,http://landregistry.data.gov.uk/id/region/london,E12000007,2011-07,8742,monthly,55.5,316716,3.5,1.0,51.7,607738,3.8,-0.9,50.7,362708,2.8,-0.3,51.6,326139,3.5,-0.1,59.7,275440,3.6,2.4,2011-07-01
London,http://landregistry.data.gov.uk/id/region/london,E12000007,2011-08,8998,monthly,55.3,315709,-0.3,1.5,52.0,611761,0.7,1.1,51.2,366382,1.0,0.5,51.9,328194,0.6,1.7,58.8,271420,-1.5,1.7,2011-08-01
London,http://landregistry.data.gov.uk/id/region/london,E12000007,2011-09,8707,monthly,55.4,316197,0.2,1.8,52.7,620336,1.4,1.3,51.1,365731,-0.2,0.9,51.8,327665,-0.2,1.5,59.0,272316,0.3,2.3,2011-09-01
London,http://landregistry.data.gov.uk/id/region/london,E12000007,2011-10,7871,monthly,54.8,312887,-1.0,2.1,52.6,619111,-0.2,3.1,51.2,366336,0.2,2.4,51.0,322631,-1.5,1.7,58.3,268904,-1.3,2.2,2011-10-01
London,http://landregistry.data.gov.uk/id/region/london,E12000007,2011-11,7956,monthly,54.6,311570,-0.4,3.1,52.0,612123,-1.1,2.5,50.5,361114,-1.4,1.6,50.5,319324,-1.0,2.5,58.5,269938,0.4,4.0,2011-11-01
London,http://landregistry.data.gov.uk/id/region/london,E12000007,2011-12,8217,monthly,54.8,312906,0.4,2.4,51.5,606082,-1.0,1.5,50.8,363176,0.6,1.8,51.0,322103,0.9,2.3,58.7,270646,0.3,2.9,2011-12-01
London,http://landregistry.data.gov.uk/id/region/london,E12000007,2012-01,6531,monthly,55.2,315128,0.7,2.2,51.6,607371,0.2,-1.2,51.1,365284,0.6,1.7,51.6,325928,1.2,2.2,59.0,272042,0.5,2.8,2012-01-01
London,http://landregistry.data.gov.uk/id/region/london,E12000007,2012-02,6659,monthly,54.8,313010,-0.7,2.5,53.0,623442,2.6,2.4,51.4,367364,0.6,3.2,51.5,325471,-0.1,3.8,58.0,267470,-1.7,1.6,2012-02-01
London,http://landregistry.data.gov.uk/id/region/london,E12000007,2012-03,9099,monthly,54.5,310866,-0.7,1.1,50.6,595709,-4.4,-2.8,50.0,357641,-2.6,1.0,51.0,322236,-1.0,2.5,58.3,268796,0.5,0.8,2012-03-01
London,http://landregistry.data.gov.uk/id/region/london,E12000007,2012-04,5961,monthly,56.1,320165,3.0,1.7,52.3,615064,3.2,0.9,51.3,367083,2.6,2.3,52.2,330159,2.5,2.3,60.2,277898,3.4,1.2,2012-04-01
London,http://landregistry.data.gov.uk/id/region/london,E12000007,2012-05,7374,monthly,57.0,325535,1.7,6.8,53.1,624498,1.5,5.7,52.4,374385,2.0,5.7,53.4,337397,2.2,7.5,61.0,281503,1.3,6.9,2012-05-01
London,http://landregistry.data.gov.uk/id/region/london,E12000007,2012-06,8132,monthly,57.5,328471,0.9,7.3,52.8,621649,-0.5,6.2,52.4,374342,0.0,6.1,54.1,342199,1.4,8.6,61.6,284375,1.0,7.0,2012-06-01
London,http://landregistry.data.gov.uk/id/region/london,E12000007,2012-07,8751,monthly,57.9,330760,0.7,4.4,54.0,635106,2.2,4.5,53.1,379481,1.4,4.6,54.5,344766,0.7,5.7,61.8,285266,0.3,3.6,2012-07-01
London,http://landregistry.data.gov.uk/id/region/london,E12000007,2012-08,9073,monthly,58.1,331918,0.4,5.1,54.2,637328,0.3,4.2,53.4,381731,0.6,4.2,54.8,346682,0.6,5.6,61.9,285710,0.2,5.3,2012-08-01
London,http://landregistry.data.gov.uk/id/region/london,E12000007,2012-09,7906,monthly,57.8,330232,-0.5,4.4,54.0,634737,-0.4,2.3,52.9,378405,-0.9,3.5,54.4,343766,-0.8,4.9,61.8,285109,-0.2,4.7,2012-09-01
London,http://landregistry.data.gov.uk/id/region/london,E12000007,2012-10,8146,monthly,58.2,332172,0.6,6.2,54.1,635904,0.2,2.7,53.2,380607,0.6,3.9,54.5,344560,0.2,6.8,62.3,287495,0.8,6.9,2012-10-01
London,http://landregistry.data.gov.uk/id/region/london,E12000007,2012-11,8626,monthly,57.9,330308,-0.6,6.0,54.0,634727,-0.2,3.7,53.0,379241,-0.4,5.0,54.3,343460,-0.3,7.6,61.8,285192,-0.8,5.7,2012-11-01
London,http://landregistry.data.gov.uk/id/region/london,E12000007,2012-12,7601,monthly,58.8,335880,1.7,7.3,54.4,639832,0.8,5.6,53.4,381591,0.6,5.1,55.3,349741,1.8,8.6,63.1,290970,2.0,7.5,2012-12-01
London,http://landregistry.data.gov.uk/id/region/london,E12000007,2013-01,6834,monthly,58.4,333332,-0.8,5.8,54.5,640913,0.2,5.5,53.8,384415,0.7,5.2,54.8,346379,-1.0,6.3,62.3,287498,-1.2,5.7,2013-01-01
London,http://landregistry.data.gov.uk/id/region/london,E12000007,2013-02,6693,monthly,58.8,335672,0.7,7.2,54.4,640374,-0.1,2.7,53.5,382300,-0.6,4.1,55.1,348189,0.5,7.0,63.1,291063,1.2,8.8,2013-02-01
London,http://landregistry.data.gov.uk/id/region/london,E12000007,2013-03,7663,monthly,58.6,334322,-0.4,7.5,54.7,642921,0.4,7.9,53.5,382749,0.1,7.0,54.9,347005,-0.3,7.7,62.7,289136,-0.7,7.6,2013-03-01
London,http://landregistry.data.gov.uk/id/region/london,E12000007,2013-04,7388,monthly,60.2,343563,2.8,7.3,55.2,648943,0.9,5.5,54.2,387445,1.2,5.5,56.3,355826,2.5,7.8,64.9,299292,3.5,7.7,2013-04-01
London,http://landregistry.data.gov.uk/id/region/london,E12000007,2013-05,9010,monthly,60.4,345065,0.4,6.0,55.9,657750,1.4,5.3,55.0,393219,1.5,5.0,56.6,357844,0.6,6.1,64.9,299224,0.0,6.3,2013-05-01
London,http://landregistry.data.gov.uk/id/region/london,E12000007,2013-06,8930,monthly,60.9,347414,0.7,5.8,55.9,657289,-0.1,5.7,55.1,393704,0.1,5.2,57.2,361440,1.0,5.6,65.3,301438,0.7,6.0,2013-06-01
London,http://landregistry.data.gov.uk/id/region/london,E12000007,2013-07,10889,monthly,62.4,356482,2.6,7.8,57.0,670078,1.9,5.5,56.2,401833,2.1,5.9,58.7,371248,2.7,7.7,67.1,309806,2.8,8.6,2013-07-01
London,http://landregistry.data.gov.uk/id/region/london,E12000007,2013-08,11153,monthly,63.0,359430,0.8,8.3,57.8,679888,1.5,6.7,57.1,408618,1.7,7.0,59.4,375300,1.1,8.3,67.4,310973,0.4,8.8,2013-08-01
London,http://landregistry.data.gov.uk/id/region/london,E12000007,2013-09,10276,monthly,63.9,364517,1.4,10.4,58.4,687440,1.1,8.3,57.1,407972,-0.2,7.8,59.9,378620,0.9,10.1,68.9,317791,2.2,11.5,2013-09-01
London,http://landregistry.data.gov.uk/id/region/london,E12000007,2013-10,10935,monthly,63.8,364036,-0.1,9.6,58.6,688986,0.2,8.3,57.7,412267,1.1,8.3,59.5,376248,-0.6,9.2,68.7,317036,-0.2,10.3,2013-10-01
London,http://landregistry.data.gov.uk/id/region/london,E12000007,2013-11,11427,monthly,64.5,368002,1.1,11.4,58.8,691122,0.3,8.9,58.1,415452,0.8,9.5,60.3,381051,1.3,10.9,69.5,320700,1.2,12.5,2013-11-01
London,http://landregistry.data.gov.uk/id/region/london,E12000007,2013-12,10775,monthly,66.0,376865,2.4,12.2,58.9,692509,0.2,8.2,58.7,419795,1.0,10.0,61.6,389340,2.2,11.3,71.7,330799,3.1,13.7,2013-12-01
London,http://landregistry.data.gov.uk/id/region/london,E12000007,2014-01,9966,monthly,66.7,380935,1.1,14.3,60.7,713792,3.1,11.4,59.9,428187,2.0,11.4,62.3,394039,1.2,13.8,72.1,332643,0.6,15.7,2014-01-01
London,http://landregistry.data.gov.uk/id/region/london,E12000007,2014-02,9363,monthly,67.1,383125,0.6,14.1,61.2,720130,0.9,12.5,60.1,430114,0.5,12.5,62.5,395142,0.3,13.5,72.6,335027,0.7,15.1,2014-02-01
London,http://landregistry.data.gov.uk/id/region/london,E12000007,2014-03,9537,monthly,67.8,386898,1.0,15.7,61.1,718655,-0.2,11.8,60.4,432201,0.5,12.9,63.2,399543,1.1,15.1,73.4,338856,1.1,17.2,2014-03-01
London,http://landregistry.data.gov.uk/id/region/london,E12000007,2014-04,9809,monthly,70.4,401818,3.9,17.0,64.0,753354,4.8,16.1,63.0,450823,4.3,16.4,66.1,417658,4.5,17.4,75.9,350221,3.4,17.0,2014-04-01
London,http://landregistry.data.gov.uk/id/region/london,E12000007,2014-05,10155,monthly,71.8,409706,2.0,18.7,64.5,758133,0.6,15.3,63.8,456558,1.3,16.1,67.2,424742,1.7,18.7,77.7,358500,2.4,19.8,2014-05-01
London,http://landregistry.data.gov.uk/id/region/london,E12000007,2014-06,10486,monthly,72.6,414499,1.2,19.3,65.1,765372,1.0,16.4,64.6,461880,1.2,17.3,68.2,430951,1.5,19.2,78.5,362274,1.1,20.2,2014-06-01
London,http://landregistry.data.gov.uk/id/region/london,E12000007,2014-07,11340,monthly,74.8,426870,3.0,19.7,67.8,797549,4.2,19.0,67.3,481308,4.2,19.8,70.6,446322,3.6,20.2,80.3,370704,2.3,19.7,2014-07-01
London,http://landregistry.data.gov.uk/id/region/london,E12000007,2014-08,11243,monthly,75.9,433311,1.5,20.6,68.8,809398,1.5,19.0,68.2,487982,1.4,19.4,71.8,453668,1.6,20.9,81.5,376175,1.5,21.0,2014-08-01
London,http://landregistry.data.gov.uk/id/region/london,E12000007,2014-09,10437,monthly,75.7,432150,-0.3,18.6,68.8,808866,-0.1,17.7,67.8,484912,-0.6,18.9,71.3,450550,-0.7,19.0,81.5,376165,0.0,18.4,2014-09-01
London,http://landregistry.data.gov.uk/id/region/london,E12000007,2014-10,10773,monthly,75.4,430684,-0.3,18.3,69.0,811288,0.3,17.8,68.1,487255,0.5,18.2,71.0,448727,-0.4,19.3,81.1,374079,-0.6,18.0,2014-10-01
London,http://landregistry.data.gov.uk/id/region/london,E12000007,2014-11,9095,monthly,75.2,429081,-0.4,16.6,69.2,813560,0.3,17.7,68.3,488474,0.3,17.6,70.8,447675,-0.2,17.5,80.6,371698,-0.6,15.9,2014-11-01
London,http://landregistry.data.gov.uk/id/region/london,E12000007,2014-12,9745,monthly,75.6,431324,0.5,14.5,68.8,809718,-0.5,16.9,67.9,485702,-0.6,15.7,70.9,447972,0.1,15.1,81.4,375713,1.1,13.6,2014-12-01
London,http://landregistry.data.gov.uk/id/region/london,E12000007,2015-01,8142,monthly,75.5,431270,0.0,13.2,69.2,813950,0.5,14.0,68.3,488347,0.5,14.0,70.8,447390,-0.1,13.5,81.3,375213,-0.1,12.8,2015-01-01
London,http://landregistry.data.gov.uk/id/region/london,E12000007,2015-02,7937,monthly,75.9,433331,0.5,13.1,69.7,819365,0.7,13.8,68.6,490207,0.4,14.0,71.1,449594,0.5,13.8,81.7,377011,0.5,12.5,2015-02-01
London,http://landregistry.data.gov.uk/id/region/london,E12000007,2015-03,8847,monthly,75.9,433259,0.0,12.0,69.5,817453,-0.2,13.7,68.6,490590,0.1,13.5,71.1,449237,-0.1,12.4,81.7,377054,0.0,11.3,2015-03-01
London,http://landregistry.data.gov.uk/id/region/london,E12000007,2015-04,8323,monthly,77.0,439403,1.4,9.4,70.7,831623,1.7,10.4,69.5,497178,1.3,10.3,72.5,458552,2.1,9.8,82.6,381050,1.1,8.8,2015-04-01
London,http://landregistry.data.gov.uk/id/region/london,E12000007,2015-05,9059,monthly,78.0,445154,1.3,8.7,70.6,830065,-0.2,9.5,70.3,502358,1.0,10.0,73.1,461877,0.7,8.7,84.1,388044,1.8,8.2,2015-05-01
London,http://landregistry.data.gov.uk/id/region/london,E12000007,2015-06,10721,monthly,78.7,449070,0.9,8.3,71.9,845281,1.8,10.4,71.4,510261,1.6,10.5,74.7,472264,2.2,9.6,84.0,387583,-0.1,7.0,2015-06-01
London,http://landregistry.data.gov.uk/id/region/london,E12000007,2015-07,11980,monthly,80.9,462097,2.9,8.3,73.3,862462,2.0,8.1,73.3,523818,2.7,8.8,76.8,485363,2.8,8.7,86.6,399661,3.1,7.8,2015-07-01
London,http://landregistry.data.gov.uk/id/region/london,E12000007,2015-08,10499,monthly,81.8,466924,1.0,7.8,75.0,882257,2.3,9.0,74.5,532941,1.7,9.2,77.7,491141,1.2,8.3,87.2,402317,0.7,6.9,2015-08-01
London,http://landregistry.data.gov.uk/id/region/london,E12000007,2015-09,10686,monthly,82.5,470754,0.8,8.9,76.4,898352,1.8,11.1,74.8,535045,0.4,10.3,78.0,493101,0.4,9.4,88.1,406620,1.1,8.1,2015-09-01
London,http://landregistry.data.gov.uk/id/region/london,E12000007,2015-10,10926,monthly,82.6,471562,0.2,9.5,76.8,902988,0.5,11.3,76.0,543528,1.6,11.5,78.8,498203,1.0,11.0,87.5,403792,-0.7,7.9,2015-10-01
London,http://landregistry.data.gov.uk/id/region/london,E12000007,2015-11,9752,monthly,83.5,476915,1.1,11.1,77.1,907216,0.5,11.5,76.5,546726,0.6,11.9,79.3,501546,0.7,12.0,88.9,410233,1.6,10.4,2015-11-01
London,http://landregistry.data.gov.uk/id/region/london,E12000007,2015-12,9700,monthly,84.4,481806,1.0,11.7,78.6,924977,2.0,14.2,77.6,555157,1.5,14.3,80.1,506423,1.0,13.0,89.7,413636,0.8,10.1,2015-12-01
London,http://landregistry.data.gov.uk/id/region/london,E12000007,2016-01,7927,monthly,85.8,489741,1.6,13.6,78.8,927245,0.2,13.9,79.1,565808,1.9,15.9,81.4,514525,1.6,15.0,91.2,420791,1.7,12.1,2016-01-01
London,http://landregistry.data.gov.uk/id/region/london,E12000007,2016-02,8208,monthly,85.8,490055,0.1,13.1,80.4,945791,2.0,15.4,79.7,569577,0.7,16.2,81.8,517078,0.5,15.0,90.7,418667,-0.5,11.0,2016-02-01
London,http://landregistry.data.gov.uk/id/region/london,E12000007,2016-03,17501,monthly,87.1,497430,1.5,14.8,81.3,956186,1.1,17.0,79.6,569116,-0.1,16.0,82.6,522196,1.0,16.2,92.8,428100,2.3,13.5,2016-03-01
London,http://landregistry.data.gov.uk/id/region/london,E12000007,2016-04,5746,monthly,86.5,493598,-0.8,12.3,80.0,941342,-1.6,13.2,79.8,570819,0.3,14.8,82.6,522178,0.0,13.9,91.5,422140,-1.4,10.8,2016-04-01
London,http://landregistry.data.gov.uk/id/region/london,E12000007,2016-05,6617,monthly,87.7,500467,1.4,12.4,80.5,946823,0.6,14.1,80.7,577360,1.1,14.9,83.4,527027,0.9,14.1,93.1,429665,1.8,10.7,2016-05-01
London,http://landregistry.data.gov.uk/id/region/london,E12000007,2016-06,8464,monthly,87.8,501147,0.1,11.6,82.4,969028,2.3,14.6,81.1,579802,0.4,13.6,83.7,528898,0.4,12.0,92.9,428549,-0.3,10.6,2016-06-01
London,http://landregistry.data.gov.uk/id/region/london,E12000007,2016-07,8794,monthly,89.2,509080,1.6,10.2,83.1,977766,0.9,13.4,82.9,592642,2.2,13.1,85.4,539737,2.0,11.2,94.0,433809,1.2,8.5,2016-07-01
London,http://landregistry.data.gov.uk/id/region/london,E12000007,2016-08,8535,monthly,88.5,505256,-0.8,8.2,82.7,973357,-0.5,10.3,82.3,588362,-0.7,10.4,84.5,534258,-1.0,8.8,93.4,431010,-0.6,7.1,2016-08-01
London,http://landregistry.data.gov.uk/id/region/london,E12000007,2016-09,8275,monthly,88.5,505052,0.0,7.3,82.2,967479,-0.6,7.7,81.8,585075,-0.6,9.4,84.2,532404,-0.3,8.0,93.7,432378,0.3,6.3,2016-09-01
London,http://landregistry.data.gov.uk/id/region/london,E12000007,2016-10,8100,monthly,88.3,504240,-0.2,6.9,82.2,967074,0.0,7.1,81.9,585697,0.1,7.8,83.5,527800,-0.9,5.9,93.8,432964,0.1,7.2,2016-10-01
London,http://landregistry.data.gov.uk/id/region/london,E12000007,2016-11,8178,monthly,88.3,504074,0.0,5.7,82.5,970596,0.4,7.0,81.3,581678,-0.7,6.4,83.2,526032,-0.3,4.9,94.1,434133,0.3,5.8,2016-11-01
London,http://landregistry.data.gov.uk/id/region/london,E12000007,2016-12,8460,monthly,88.6,505701,0.3,5.0,82.6,971090,0.1,5.0,81.4,581863,0.0,4.8,83.7,528923,0.5,4.4,94.4,435457,0.3,5.3,2016-12-01
London,http://landregistry.data.gov.uk/id/region/london,E12000007,2017-01,6931,monthly,89.2,509175,0.7,4.0,83.1,977960,0.7,5.5,82.3,588733,1.2,4.1,84.4,533553,0.9,3.7,94.8,437425,0.5,4.0,2017-01-01
London,http://landregistry.data.gov.uk/id/region/london,E12000007,2017-02,7108,monthly,89.4,510351,0.2,4.1,82.6,972135,-0.6,2.8,81.5,582867,-1.0,2.3,83.5,527996,-1.0,2.1,96.0,443047,1.3,5.8,2017-02-01
London,http://landregistry.data.gov.uk/id/region/london,E12000007,2017-03,8659,monthly,89.2,508986,-0.3,2.3,83.2,978594,0.7,2.3,82.0,586584,0.6,3.1,84.0,531090,0.6,1.7,95.1,438548,-1.0,2.4,2017-03-01
London,http://landregistry.data.gov.uk/id/region/london,E12000007,2017-04,7120,monthly,90.0,513641,0.9,4.1,83.7,984368,0.6,4.6,82.2,587481,0.2,2.9,84.5,534019,0.6,2.3,96.3,444379,1.3,5.3,2017-04-01
London,http://landregistry.data.gov.uk/id/region/london,E12000007,2017-05,7874,monthly,90.2,514831,0.2,2.9,82.9,974840,-1.0,3.0,82.7,591484,0.7,2.4,84.4,533732,-0.1,1.3,96.7,446007,0.4,3.8,2017-05-01
London,http://landregistry.data.gov.uk/id/region/london,E12000007,2017-06,9192,monthly,90.0,514028,-0.2,2.6,82.9,974960,0.0,0.6,82.4,588946,-0.4,1.6,85.0,537017,0.6,1.5,96.2,443819,-0.5,3.6,2017-06-01
London,http://landregistry.data.gov.uk/id/region/london,E12000007,2017-07,8494,monthly,91.6,522994,1.7,2.7,84.0,988627,1.4,1.1,84.3,602596,2.3,1.7,86.5,546675,1.8,1.3,97.7,450908,1.6,3.9,2017-07-01
London,http://landregistry.data.gov.uk/id/region/london,E12000007,2017-08,8921,monthly,91.3,521450,-0.3,3.2,84.2,990413,0.2,1.8,83.9,600085,-0.4,2.0,86.7,548281,0.3,2.6,97.1,448184,-0.6,4.0,2017-08-01
London,http://landregistry.data.gov.uk/id/region/london,E12000007,2017-09,8239,monthly,90.7,517969,-0.7,2.6,85.0,999791,0.9,3.3,83.7,598676,-0.2,2.3,85.9,542970,-1.0,2.0,96.4,444743,-0.8,2.9,2017-09-01
London,http://landregistry.data.gov.uk/id/region/london,E12000007,2017-10,7990,monthly,90.3,515752,-0.4,2.3,84.6,994932,-0.5,2.9,84.0,600633,0.3,2.6,85.5,540448,-0.5,2.4,95.8,442072,-0.6,2.1,2017-10-01
London,http://landregistry.data.gov.uk/id/region/london,E12000007,2017-11,7629,monthly,89.3,509894,-1.1,1.2,83.1,977544,-1.7,0.7,83.0,593401,-1.2,2.0,84.5,534243,-1.1,1.6,94.8,437397,-1.1,0.8,2017-11-01
London,http://landregistry.data.gov.uk/id/region/london,E12000007,2017-12,7883,monthly,89.4,510491,0.1,0.9,83.7,984333,0.7,1.4,83.0,593166,0.0,1.9,84.7,535721,0.3,1.3,94.8,437511,0.0,0.5,2017-12-01
London,http://landregistry.data.gov.uk/id/region/london,E12000007,2018-01,6584,monthly,90.0,513622,0.6,0.9,83.4,980502,-0.4,0.3,83.5,596970,0.6,1.4,84.9,536730,0.2,0.6,95.7,441502,0.9,0.9,2018-01-01
London,http://landregistry.data.gov.uk/id/region/london,E12000007,2018-02,6386,monthly,89.6,511574,-0.4,0.2,83.6,983191,0.3,1.1,83.1,594525,-0.4,2.0,84.7,535523,-0.2,1.4,95.2,439190,-0.5,-0.9,2018-02-01
London,http://landregistry.data.gov.uk/id/region/london,E12000007,2018-03,7350,monthly,88.6,505683,-1.2,-0.6,82.8,974415,-0.9,-0.4,82.8,592105,-0.4,0.9,84.3,533040,-0.5,0.4,93.6,431941,-1.7,-1.5,2018-03-01
London,http://landregistry.data.gov.uk/id/region/london,E12000007,2018-04,6511,monthly,89.5,510925,1.0,-0.5,83.7,984143,1.0,0.0,83.8,599372,1.2,2.0,85.4,539640,1.2,1.1,94.5,435849,0.9,-1.9,2018-04-01
London,http://landregistry.data.gov.uk/id/region/london,E12000007,2018-05,6980,monthly,89.7,512244,0.3,-0.5,84.1,988698,0.5,1.4,84.2,602142,0.5,1.8,86.1,544098,0.8,1.9,94.4,435602,-0.1,-2.3,2018-05-01
London,http://landregistry.data.gov.uk/id/region/london,E12000007,2018-06,8135,monthly,90.0,513792,0.3,0.0,84.6,995338,0.7,2.1,85.0,608081,1.0,3.2,86.0,543874,0.0,1.3,94.7,436755,0.3,-1.6,2018-06-01
London,http://landregistry.data.gov.uk/id/region/london,E12000007,2018-07,8303,monthly,90.9,518923,1.0,-0.8,86.5,1017079,2.2,2.9,85.6,612280,0.7,1.6,87.4,552250,1.5,1.0,95.4,440004,0.7,-2.4,2018-07-01
London,http://landregistry.data.gov.uk/id/region/london,E12000007,2018-08,8975,monthly,89.9,513384,-1.1,-1.5,84.9,999012,-1.8,0.9,84.5,604001,-1.4,0.7,86.3,545228,-1.3,-0.6,94.6,436242,-0.9,-2.7,2018-08-01
London,http://landregistry.data.gov.uk/id/region/london,E12000007,2018-09,7636,monthly,89.4,510167,-0.6,-1.5,84.9,999174,0.0,-0.1,84.5,604023,0.0,0.9,85.9,543199,-0.4,0.0,93.7,432155,-0.9,-2.8,2018-09-01
London,http://landregistry.data.gov.uk/id/region/london,E12000007,2018-10,7956,monthly,90.0,513927,0.7,-0.4,85.5,1006131,0.7,1.1,84.9,606865,0.5,1.0,86.3,545702,0.5,1.0,94.5,436160,0.9,-1.3,2018-10-01
London,http://landregistry.data.gov.uk/id/region/london,E12000007,2018-11,8130,monthly,89.0,507814,-1.2,-0.4,85.0,1000252,-0.6,2.3,84.1,601069,-1.0,1.3,85.6,541148,-0.8,1.3,93.2,429846,-1.4,-1.7,2018-11-01
London,http://landregistry.data.gov.uk/id/region/london,E12000007,2018-12,6957,monthly,88.7,506642,-0.2,-0.8,83.7,984677,-1.6,0.0,83.9,600080,-0.2,1.2,84.9,536587,-0.8,0.2,93.3,430393,0.1,-1.6,2018-12-01
London,http://landregistry.data.gov.uk/id/region/london,E12000007,2019-01,6031,monthly,88.2,503232,-0.7,-2.0,84.7,996114,1.2,1.6,83.7,598195,-0.3,0.2,84.5,534159,-0.5,-0.5,92.4,426121,-1.0,-3.5,2019-01-01
London,http://landregistry.data.gov.uk/id/region/london,E12000007,2019-02,5967,monthly,87.4,498951,-0.9,-2.5,83.5,982176,-1.4,-0.1,82.6,590898,-1.2,-0.6,83.9,530381,-0.7,-1.0,91.6,422821,-0.8,-3.7,2019-02-01
London,http://landregistry.data.gov.uk/id/region/london,E12000007,2019-03,6875,monthly,87.0,496910,-0.4,-1.7,81.9,962984,-2.0,-1.2,82.0,586229,-0.8,-1.0,83.6,528621,-0.3,-0.8,91.5,421945,-0.2,-2.3,2019-03-01
London,http://landregistry.data.gov.uk/id/region/london,E12000007,2019-04,6063,monthly,88.1,502664,1.2,-1.6,82.6,971032,0.8,-1.3,82.6,590556,0.7,-1.5,84.8,535945,1.4,-0.7,92.5,426945,1.2,-2.0,2019-04-01
London,http://landregistry.data.gov.uk/id/region/london,E12000007,2019-05,6815,monthly,86.9,496339,-1.3,-3.1,81.7,960929,-1.0,-2.8,82.1,586983,-0.6,-2.5,84.2,532387,-0.7,-2.2,90.9,419432,-1.8,-3.7,2019-05-01
London,http://landregistry.data.gov.uk/id/region/london,E12000007,2019-06,6991,monthly,88.2,503716,1.5,-2.0,83.1,977136,1.7,-1.8,83.8,599469,2.1,-1.4,85.1,537685,1.0,-1.1,92.3,425915,1.5,-2.5,2019-06-01
London,http://landregistry.data.gov.uk/id/region/london,E12000007,2019-07,8275,monthly,89.7,512265,1.7,-1.3,83.8,985490,0.9,-3.1,84.1,601596,0.4,-1.7,86.4,545967,1.5,-1.1,94.4,435393,2.2,-1.0,2019-07-01
London,http://landregistry.data.gov.uk/id/region/london,E12000007,2019-08,8797,monthly,88.7,506081,-1.2,-1.4,84.0,988380,0.3,-1.1,84.0,600892,-0.1,-0.5,86.6,547559,0.3,0.4,92.1,424976,-2.4,-2.6,2019-08-01
London,http://landregistry.data.gov.uk/id/region/london,E12000007,2019-09,7586,monthly,89.5,510810,0.9,0.1,83.9,987421,-0.1,-1.2,83.7,598757,-0.4,-0.9,86.3,545433,-0.4,0.4,94.0,433785,2.1,0.4,2019-09-01
London,http://landregistry.data.gov.uk/id/region/london,E12000007,2019-10,7901,monthly,88.6,506016,-0.9,-1.5,83.9,986694,-0.1,-1.9,84.6,604812,1.0,-0.3,85.7,541848,-0.7,-0.7,92.4,426466,-1.7,-2.2,2019-10-01
London,http://landregistry.data.gov.uk/id/region/london,E12000007,2019-11,7833,monthly,87.9,501829,-0.8,-1.2,84.2,990235,0.4,-1.0,84.0,600329,-0.7,-0.1,85.7,541731,0.0,0.1,91.2,420646,-1.4,-2.1,2019-11-01
London,http://landregistry.data.gov.uk/id/region/london,E12000007,2019-12,7107,monthly,89.9,512959,2.2,1.2,84.6,994934,0.5,1.0,84.6,605146,0.8,0.8,87.0,549860,1.5,2.5,94.0,433845,3.1,0.8,2019-12-01
London,http://landregistry.data.gov.uk/id/region/london,E12000007,2020-01,6527,monthly,89.3,509527,-0.7,1.3,83.0,976741,-1.8,-1.9,84.0,600366,-0.8,0.4,86.2,545159,-0.9,2.1,93.6,431945,-0.4,1.4,2020-01-01
London,http://landregistry.data.gov.uk/id/region/london,E12000007,2020-02,6465,monthly,89.0,507956,-0.3,1.8,85.0,999839,2.4,1.8,84.6,604905,0.8,2.4,86.8,548511,0.6,3.4,92.4,426206,-1.3,0.8,2020-02-01
London,http://landregistry.data.gov.uk/id/region/london,E12000007,2020-03,6842,monthly,90.5,516654,1.7,4.0,85.4,1004839,0.5,4.3,85.6,612235,1.2,4.4,87.5,553011,0.8,4.6,94.6,436597,2.4,3.5,2020-03-01
London,http://landregistry.data.gov.uk/id/region/london,E12000007,2020-04,3206,monthly,89.3,509754,-1.3,1.4,85.8,1009192,0.4,3.9,84.7,605806,-1.1,2.6,87.0,549921,-0.6,2.6,92.8,427955,-2.0,0.2,2020-04-01
London,http://landregistry.data.gov.uk/id/region/london,E12000007,2020-05,2929,monthly,88.7,506613,-0.6,2.1,84.5,994054,-1.5,3.4,84.2,602341,-0.6,2.6,86.1,544391,-1.0,2.3,92.4,426483,-0.3,1.7,2020-05-01
London,http://landregistry.data.gov.uk/id/region/london,E12000007,2020-06,4511,monthly,90.0,513833,1.4,2.0,84.4,992977,-0.1,1.6,85.8,613671,1.9,2.4,88.3,558429,2.6,3.9,93.2,430062,0.8,1.0,2020-06-01
London,http://landregistry.data.gov.uk/id/region/london,E12000007,2020-07,5988,monthly,90.7,517966,0.8,1.1,85.7,1007513,1.5,2.2,86.1,615880,0.4,2.4,88.4,559085,0.1,2.4,94.4,435364,1.2,0.0,2020-07-01
London,http://landregistry.data.gov.uk/id/region/london,E12000007,2020-08,6148,monthly,91.8,523954,1.2,3.5,87.3,1026800,1.9,3.9,87.8,627678,1.9,4.5,90.2,570321,2.0,4.2,94.8,437230,0.4,2.9,2020-08-01
London,http://landregistry.data.gov.uk/id/region/london,E12000007,2020-09,7087,monthly,92.5,528003,0.8,3.4,87.6,1030371,0.3,4.3,88.2,630723,0.5,5.3,91.0,575246,0.9,5.5,95.6,440934,0.8,1.6,2020-09-01
London,http://landregistry.data.gov.uk/id/region/london,E12000007,2020-10,8083,monthly,91.2,520515,-1.4,2.9,87.4,1028452,-0.2,4.2,87.6,626489,-0.7,3.6,90.5,571831,-0.6,5.5,93.5,431367,-2.2,1.1,2020-10-01
London,http://landregistry.data.gov.uk/id/region/london,E12000007,2020-11,7825,monthly,92.7,529444,1.7,5.5,89.3,1050484,2.1,6.1,89.2,637779,1.8,6.2,92.0,581284,1.7,7.3,95.1,438632,1.7,4.3,2020-11-01
London,http://landregistry.data.gov.uk/id/region/london,E12000007,2020-12,9201,monthly,92.7,529060,-0.1,3.1,89.1,1048235,-0.2,5.4,89.6,640537,0.4,5.8,92.2,583008,0.3,6.0,94.7,436892,-0.4,0.7,2020-12-01
London,http://landregistry.data.gov.uk/id/region/london,E12000007,2021-01,8030,monthly,92.7,529101,0.0,3.8,87.4,1028178,-1.9,5.3,88.5,633069,-1.2,5.4,91.1,575732,-1.2,5.6,95.8,442097,1.2,2.4,2021-01-01
London,http://landregistry.data.gov.uk/id/region/london,E12000007,2021-02,10070,monthly,92.0,525153,-0.7,3.4,86.7,1019466,-0.8,2.0,87.9,628394,-0.7,3.9,90.1,569633,-1.1,3.9,95.3,439619,-0.6,3.1,2021-02-01
London,http://landregistry.data.gov.uk/id/region/london,E12000007,2021-03,16466,monthly,93.6,534311,1.7,3.4,87.0,1023764,0.4,1.9,88.6,633357,0.8,3.4,91.4,577649,1.4,4.5,97.6,450063,2.4,3.1,2021-03-01
London,http://landregistry.data.gov.uk/id/region/london,E12000007,2021-04,9151,monthly,91.7,523423,-2.0,2.7,87.8,1032231,0.8,2.3,88.1,629937,-0.5,4.0,89.9,568226,-1.6,3.3,94.6,436460,-3.0,2.0,2021-04-01
London,http://landregistry.data.gov.uk/id/region/london,E12000007,2021-05,7696,monthly,91.6,522672,-0.1,3.2,87.8,1032432,0.0,3.9,88.1,629779,0.0,4.6,89.8,567691,-0.1,4.3,94.4,435476,-0.2,2.1,2021-05-01
London,http://landregistry.data.gov.uk/id/region/london,E12000007,2021-06,26412,monthly,94.3,538199,3.0,4.7,88.8,1044162,1.1,5.2,90.0,643890,2.2,4.9,93.6,591954,4.3,6.0,96.9,447070,2.7,4.0,2021-06-01
London,http://landregistry.data.gov.uk/id/region/london,E12000007,2021-07,3030,monthly,92.8,529788,-1.6,2.3,89.6,1053648,0.9,4.6,87.8,627542,-2.5,1.9,89.3,564200,-4.7,0.9,97.2,448420,0.3,3.0,2021-07-01
London,http://landregistry.data.gov.uk/id/region/london,E12000007,2021-08,6063,monthly,95.6,545831,3.0,4.2,93.0,1094123,3.8,6.6,92.0,658035,4.9,4.8,93.7,592354,5.0,3.9,98.4,454212,1.3,3.9,2021-08-01
London,http://landregistry.data.gov.uk/id/region/london,E12000007,2021-09,12748,monthly,94.9,541876,-0.7,2.6,91.8,1080050,-1.3,4.8,92.0,657828,0.0,4.3,94.0,594208,0.3,3.3,97.0,447568,-1.5,1.5,2021-09-01
London,http://landregistry.data.gov.uk/id/region/london,E12000007,2021-10,4935,monthly,94.5,539606,-0.4,3.7,94.5,1111134,2.9,8.0,92.5,661716,0.6,5.6,92.9,587385,-1.1,2.7,96.4,444620,-0.7,3.1,2021-10-01
London,http://landregistry.data.gov.uk/id/region/london,E12000007,2021-11,6837,monthly,95.9,547647,1.5,3.4,94.8,1114967,0.3,6.1,93.4,667860,0.9,4.7,93.8,593226,1.0,2.1,98.4,453822,2.1,3.5,2021-11-01
London,http://landregistry.data.gov.uk/id/region/london,E12000007,2021-12,7655,monthly,96.0,547837,0.0,3.5,94.4,1110144,-0.4,5.9,93.6,669304,0.2,4.5,94.9,599668,1.1,2.9,97.8,451268,-0.6,3.3,2021-12-01
London,http://landregistry.data.gov.uk/id/region/london,E12000007,2022-01,6363,monthly,96.5,550635,0.5,4.1,94.8,1115172,0.5,8.5,94.3,674273,0.7,6.5,95.5,603709,0.7,4.9,98.2,452858,0.4,2.4,2022-01-01
London,http://landregistry.data.gov.uk/id/region/london,E12000007,2022-02,7143,monthly,96.5,551066,0.1,4.9,95.3,1120979,0.5,10.0,94.4,675151,0.1,7.4,94.9,599827,-0.6,5.3,98.7,455139,0.5,3.5,2022-02-01
London,http://landregistry.data.gov.uk/id/region/london,E12000007,2022-03,8630,monthly,96.4,550480,-0.1,3.0,95.8,1126359,0.5,10.0,94.8,678002,0.4,7.0,95.3,602636,0.5,4.3,97.9,451643,-0.8,0.4,2022-03-01
London,http://landregistry.data.gov.uk/id/region/london,E12000007,2022-04,7432,monthly,97.2,554765,0.8,6.0,95.7,1126010,0.0,9.1,95.2,680406,0.4,8.0,96.6,610671,1.3,7.5,98.5,454612,0.7,4.2,2022-04-01
London,http://landregistry.data.gov.uk/id/region/london,E12000007,2022-05,7768,monthly,97.1,554380,-0.1,6.1,96.7,1137718,1.0,10.2,96.3,688592,1.2,9.3,96.8,611999,0.2,7.8,97.7,450631,-0.9,3.5,2022-05-01
London,http://landregistry.data.gov.uk/id/region/london,E12000007,2022-06,8528,monthly,100.3,572418,3.3,6.4,98.9,1163283,2.2,11.4,98.8,706654,2.6,9.7,100.0,631836,3.2,6.7,101.2,466965,3.6,4.5,2022-06-01
London,http://landregistry.data.gov.uk/id/region/london,E12000007,2022-07,9356,monthly,100.8,575261,0.5,8.6,98.7,1160773,-0.2,10.2,99.2,709549,0.4,13.1,101.2,639419,1.2,13.3,101.4,467596,0.1,4.3,2022-07-01
London,http://landregistry.data.gov.uk/id/region/london,E12000007,2022-08,9432,monthly,101.8,581320,1.1,6.5,100.5,1182726,1.9,8.1,100.7,720113,1.5,9.4,102.3,646971,1.2,9.2,102.1,470873,0.7,3.7,2022-08-01
London,http://landregistry.data.gov.uk/id/region/london,E12000007,2022-09,9508,monthly,101.5,579330,-0.3,6.9,101.0,1187582,0.4,10.0,100.7,720216,0.0,9.5,102.0,644506,-0.4,8.5,101.5,468325,-0.5,4.6,2022-09-01
London,http://landregistry.data.gov.uk/id/region/london,E12000007,2022-10,8976,monthly,100.5,573946,-0.9,6.4,99.9,1175309,-1.0,5.8,100.0,714950,-0.7,8.0,101.2,640019,-0.7,9.0,100.3,462931,-1.2,4.1,2022-10-01
London,http://landregistry.data.gov.uk/id/region/london,E12000007,2022-11,8978,monthly,100.8,575480,0.3,5.1,100.9,1186681,1.0,6.4,100.5,718324,0.5,7.6,101.5,641610,0.2,8.2,100.5,463480,0.1,2.1,2022-11-01
London,http://landregistry.data.gov.uk/id/region/london,E12000007,2022-12,8125,monthly,100.3,572384,-0.5,4.5,100.1,1177169,-0.8,6.0,100.1,715829,-0.3,7.0,100.7,636298,-0.8,6.1,100.1,461725,-0.4,2.3,2022-12-01
London,http://landregistry.data.gov.uk/id/region/london,E12000007,2023-01,6046,monthly,100.0,570869,-0.3,3.7,100.0,1176283,-0.1,5.5,100.0,715072,-0.1,6.1,100.0,632120,-0.7,4.7,100.0,461366,-0.1,1.9,2023-01-01
London,http://landregistry.data.gov.uk/id/region/london,E12000007,2023-02,5587,monthly,98.8,563875,-1.2,2.3,98.9,1162758,-1.1,3.7,98.4,703621,-1.6,4.2,98.6,623137,-1.4,3.9,99.0,456791,-1.0,0.4,2023-02-01
London,http://landregistry.data.gov.uk/id/region/london,E12000007,2023-03,6571,monthly,97.3,555361,-1.5,0.9,97.3,1144602,-1.6,1.6,96.7,691159,-1.8,1.9,96.2,608053,-2.4,0.9,98.2,452865,-0.9,0.3,2023-03-01
London,http://landregistry.data.gov.uk/id/region/london,E12000007,2023-04,4330,monthly,97.6,557147,0.3,0.4,97.5,1147277,0.2,1.9,96.9,693063,0.3,1.9,97.4,615552,1.2,0.8,98.0,451930,-0.2,-0.6,2023-04-01
London,http://landregistry.data.gov.uk/id/region/london,E12000007,2023-05,4835,monthly,97.2,554900,-0.4,0.1,95.9,1127937,-1.7,-0.9,95.6,683701,-1.4,-0.7,96.6,610746,-0.8,-0.2,98.2,453179,0.3,0.6,2023-05-01
London,http://landregistry.data.gov.uk/id/region/london,E12000007,2023-06,6016,monthly,97.4,556107,0.2,-2.8,96.9,1139611,1.0,-2.0,96.1,687132,0.5,-2.8,97.6,617007,1.0,-2.3,97.8,451136,-0.5,-3.4,2023-06-01
London,http://landregistry.data.gov.uk/id/region/london,E12000007,2023-07,6043,monthly,98.0,559703,0.6,-2.7,97.7,1148716,0.8,-1.0,98.2,701941,2.2,-1.1,99.1,626335,1.5,-2.0,97.4,449451,-0.4,-3.9,2023-07-01
London,http://landregistry.data.gov.uk/id/region/london,E12000007,2023-08,6988,monthly,98.2,560630,0.2,-3.6,98.5,1158495,0.9,-2.0,98.0,700590,-0.2,-2.7,99.2,627335,0.2,-3.0,97.6,450401,0.2,-4.3,2023-08-01
London,http://landregistry.data.gov.uk/id/region/london,E12000007,2023-09,6912,monthly,99.1,565702,0.9,-2.4,97.7,1148975,-0.8,-3.3,97.8,699001,-0.2,-2.9,100.0,631829,0.7,-2.0,99.2,457504,1.6,-2.3,2023-09-01
London,http://landregistry.data.gov.uk/id/region/london,E12000007,2023-10,6242,monthly,97.2,555122,-1.9,-3.3,95.3,1121185,-2.4,-4.6,96.0,686504,-1.8,-4.0,97.3,615130,-2.6,-3.9,97.8,451271,-1.4,-2.5,2023-10-01
London,http://landregistry.data.gov.uk/id/region/london,E12000007,2023-11,6023,monthly,96.0,547757,-1.3,-4.8,95.4,1122469,0.1,-5.4,95.6,683330,-0.5,-4.9,96.1,607555,-1.2,-5.3,96.0,443076,-1.8,-4.4,2023-11-01
London,http://landregistry.data.gov.uk/id/region/london,E12000007,2023-12,5479,monthly,96.2,549112,0.2,-4.1,94.6,1112849,-0.9,-5.5,95.2,680704,-0.4,-4.9,96.4,609446,0.3,-4.2,96.5,445438,0.5,-3.5,2023-12-01
London,http://landregistry.data.gov.uk/id/region/london,E12000007,2024-01,5102,monthly,96.5,551097,0.4,-3.5,94.8,1114674,0.2,-5.2,95.6,683824,0.5,-4.4,97.0,612914,0.6,-3.0,96.8,446441,0.2,-3.2,2024-01-01
London,http://landregistry.data.gov.uk/id/region/london,E12000007,2024-02,5582,monthly,95.7,546247,-0.9,-3.1,93.5,1099375,-1.4,-5.5,94.8,677985,-0.9,-3.6,96.3,608497,-0.7,-2.3,95.9,442297,-0.9,-3.2,2024-02-01
London,http://landregistry.data.gov.uk/id/region/london,E12000007,2024-03,5952,monthly,95.9,547437,0.2,-1.4,93.5,1099755,0.0,-3.9,93.6,669457,-1.3,-3.1,95.9,606355,-0.4,-0.3,96.8,446831,1.0,-1.3,2024-03-01
London,http://landregistry.data.gov.uk/id/region/london,E12000007,2024-04,5730,monthly,96.1,548467,0.2,-1.6,94.2,1108170,0.8,-3.4,95.1,680119,1.6,-1.9,96.3,608973,0.4,-1.1,96.4,444870,-0.4,-1.6,2024-04-01
London,http://landregistry.data.gov.uk/id/region/london,E12000007,2024-05,6785,monthly,97.0,553592,0.9,-0.2,94.0,1106213,-0.2,-1.9,95.3,681688,0.2,-0.3,97.2,614656,0.9,0.6,97.6,450513,1.3,-0.6,2024-05-01
London,http://landregistry.data.gov.uk/id/region/london,E12000007,2024-06,6287,monthly,97.5,556853,0.6,0.1,95.0,1117563,1.0,-1.9,95.8,685162,0.5,-0.3,97.9,618622,0.6,0.3,98.2,452934,0.5,0.4,2024-06-01
London,http://landregistry.data.gov.uk/id/region/london,E12000007,2024-07,7834,monthly,97.7,557831,0.2,-0.3,96.2,1131093,1.2,-1.5,97.7,698511,1.9,-0.5,99.5,628695,1.6,0.4,96.9,447128,-1.3,-0.5,2024-07-01
London,http://landregistry.data.gov.uk/id/region/london,E12000007,2024-08,8392,monthly,99.3,567121,1.7,1.2,97.3,1144551,1.2,-1.2,98.3,703166,0.7,0.4,100.8,636941,1.3,1.5,99.1,457091,2.2,1.5,2024-08-01
London,http://landregistry.data.gov.uk/id/region/london,E12000007,2024-09,7402,monthly,99.3,566882,0.0,0.2,99.4,1169749,2.2,1.8,99.5,711215,1.1,1.7,100.8,637408,0.1,0.9,98.4,453901,-0.7,-0.8,2024-09-01
London,http://landregistry.data.gov.uk/id/region/london,E12000007,2024-10,8981,monthly,98.3,560909,-1.1,1.0,97.7,1148653,-1.8,2.4,98.3,702839,-1.2,2.4,99.3,627946,-1.5,2.1,97.7,450756,-0.7,-0.1,2024-10-01
London,http://landregistry.data.gov.uk/id/region/london,E12000007,2024-11,7652,monthly,98.1,559925,-0.2,2.2,97.4,1145265,-0.3,2.0,98.2,702077,-0.1,2.7,99.5,628742,0.1,3.5,97.4,449157,-0.4,1.4,2024-11-01
London,http://landregistry.data.gov.uk/id/region/london,E12000007,2024-12,6862,monthly,97.5,556882,-0.5,1.4,97.1,1142262,-0.3,2.6,97.1,694670,-1.1,2.1,99.2,627192,-0.2,2.9,96.8,446546,-0.6,0.2,2024-12-01
London,http://landregistry.data.gov.uk/id/region/london,E12000007,2025-01,6665,monthly,98.8,563861,1.3,2.3,98.3,1156257,1.2,3.7,99.4,710657,2.3,3.9,100.9,637810,1.7,4.1,97.5,449606,0.7,0.7,2025-01-01
London,http://landregistry.data.gov.uk/id/region/london,E12000007,2025-02,7285,monthly,98.3,561072,-0.5,2.7,97.5,1146897,-0.8,4.3,98.7,705950,-0.7,4.1,100.4,634342,-0.5,4.2,97.1,447868,-0.4,1.3,2025-02-01
London,http://landregistry.data.gov.uk/id/region/london,E12000007,2025-03,16812,monthly,97.0,553812,-1.3,1.2,94.2,1107509,-3.4,0.7,96.9,692870,-1.9,3.5,98.8,624529,-1.5,3.0,96.3,444391,-0.8,-0.5,2025-03-01
London,http://landregistry.data.gov.uk/id/region/london,E12000007,2025-04,2868,monthly,98.9,564530,1.9,2.9,100.3,1180037,6.5,6.5,100.1,715529,3.3,5.2,100.1,632982,1.4,3.9,97.7,450701,1.4,1.3,2025-04-01
London,http://landregistry.data.gov.uk/id/region/london,E12000007,2025-05,5110,monthly,98.9,564719,0.0,2.0,99.4,1168700,-1.0,5.6,99.7,712850,-0.4,4.6,100.5,635448,0.4,3.4,97.7,450966,0.1,0.1,2025-05-01
London,http://landregistry.data.gov.uk/id/region/london,E12000007,2025-06,6261,monthly,99.3,566934,0.4,1.8,99.8,1173933,0.4,5.0,100.5,718708,0.8,4.9,101.7,642876,1.2,3.9,97.6,450229,-0.2,-0.6,2025-06-01
London,http://landregistry.data.gov.uk/id/region/london,E12000007,2025-07,7334,monthly,99.6,568801,0.3,2.0,98.8,1162724,-1.0,2.8,100.6,719581,0.1,3.0,102.0,645068,0.3,2.6,98.1,452528,0.5,1.2,2025-07-01
London,http://landregistry.data.gov.uk/id/region/london,E12000007,2025-08,7081,monthly,99.0,565321,-0.6,-0.3,98.0,1152594,-0.9,0.7,101.0,721956,0.3,2.7,102.8,649989,0.8,2.0,96.5,445242,-1.6,-2.6,2025-08-01
London,http://landregistry.data.gov.uk/id/region/london,E12000007,2025-09,6343,monthly,98.6,562880,-0.4,-0.7,98.8,1162133,0.8,-0.7,100.7,719889,-0.3,1.2,102.5,647607,-0.4,1.6,95.9,442428,-0.6,-2.5,2025-09-01
London,http://landregistry.data.gov.uk/id/region/london,E12000007,2025-10,6844,monthly,97.0,553684,-1.6,-1.3,98.3,1155740,-0.6,0.6,100.2,716763,-0.4,2.0,100.9,637946,-1.5,1.6,93.8,432813,-2.2,-4.0,2025-10-01
London,http://landregistry.data.gov.uk/id/region/london,E12000007,2025-11,5692,monthly,97.6,557252,0.6,-0.5,98.5,1158261,0.2,1.1,100.5,718685,0.3,2.4,101.8,643625,0.9,2.4,94.4,435692,0.7,-3.0,2025-11-01
London,http://landregistry.data.gov.uk/id/region/london,E12000007,2025-12,4833,monthly,96.0,547969,-1.7,-1.6,97.5,1146414,-1.0,0.4,99.4,710466,-1.1,2.3,100.0,632004,-1.8,0.8,92.7,427813,-1.8,-4.2,2025-12-01
London,http://landregistry.data.gov.uk/id/region/london,E12000007,2026-01,3947,monthly,96.6,551438,0.6,-2.2,97.4,1145610,-0.1,-0.9,100.0,714815,0.6,0.6,101.6,642004,1.6,0.7,92.9,428637,0.2,-4.7,2026-01-01
London,http://landregistry.data.gov.uk/id/region/london,E12000007,2026-02,3792,monthly,95.0,542175,-1.7,-3.4,96.5,1134882,-0.9,-1.0,98.8,706321,-1.2,0.1,99.1,626609,-2.4,-1.2,91.5,422209,-1.5,-5.7,2026-02-01
London,http://landregistry.data.gov.uk/id/region/london,E12000007,2026-03,,monthly,95.0,542378,0.0,-2.1,96.2,1132150,-0.2,2.2,99.1,708374,0.3,2.2,100.0,632303,0.9,1.2,91.1,420157,-0.5,-5.5,2026-03-01
London,http://landregistry.data.gov.uk/id/region/london,E12000007,2026-04,,monthly,96.8,552655,1.9,-2.1,98.6,1159487,2.4,-1.7,100.1,715926,1.1,0.1,100.9,637506,0.8,0.7,93.5,431455,2.7,-4.3,2026-04-01
