date,period,borough,gss_code,sales_volume,avg_price_all_property_types
2000-01-01,2000-01,Greenwich,E09000011,233,108138
2000-01-01,2000-01,Hackney,E09000012,215,125243
2000-01-01,2000-01,Newham,E09000025,348,87432
2000-01-01,2000-01,Tower Hamlets,E09000030,328,140730
2000-01-01,2000-01,Waltham Forest,E09000031,368,97034
2000-02-01,2000-02,Greenwich,E09000011,262,107737
2000-02-01,2000-02,Hackney,E09000012,235,126428
2000-02-01,2000-02,Newham,E09000025,389,89293
2000-02-01,2000-02,Tower Hamlets,E09000030,352,141399
2000-02-01,2000-02,Waltham Forest,E09000031,374,97544
2000-03-01,2000-03,Greenwich,E09000011,378,106879
2000-03-01,2000-03,Hackney,E09000012,280,125472
2000-03-01,2000-03,Newham,E09000025,474,90611
2000-03-01,2000-03,Tower Hamlets,E09000030,468,142782
2000-03-01,2000-03,Waltham Forest,E09000031,478,99926
2000-04-01,2000-04,Greenwich,E09000011,292,109874
2000-04-01,2000-04,Hackney,E09000012,230,127344
2000-04-01,2000-04,Newham,E09000025,381,92964
2000-04-01,2000-04,Tower Hamlets,E09000030,479,149384
2000-04-01,2000-04,Waltham Forest,E09000031,370,102306
2000-05-01,2000-05,Greenwich,E09000011,298,113376
2000-05-01,2000-05,Hackney,E09000012,236,132250
2000-05-01,2000-05,Newham,E09000025,380,95017
2000-05-01,2000-05,Tower Hamlets,E09000030,503,156016
2000-05-01,2000-05,Waltham Forest,E09000031,430,105719
2000-06-01,2000-06,Greenwich,E09000011,365,117458
2000-06-01,2000-06,Hackney,E09000012,264,139773
2000-06-01,2000-06,Newham,E09000025,469,97453
2000-06-01,2000-06,Tower Hamlets,E09000030,493,160503
2000-06-01,2000-06,Waltham Forest,E09000031,466,107563
2000-07-01,2000-07,Greenwich,E09000011,338,120148
2000-07-01,2000-07,Hackney,E09000012,229,143620
2000-07-01,2000-07,Newham,E09000025,382,100175
2000-07-01,2000-07,Tower Hamlets,E09000030,530,160435
2000-07-01,2000-07,Waltham Forest,E09000031,447,108557
2000-08-01,2000-08,Greenwich,E09000011,340,121830
2000-08-01,2000-08,Hackney,E09000012,222,147135
2000-08-01,2000-08,Newham,E09000025,411,102012
2000-08-01,2000-08,Tower Hamlets,E09000030,350,159928
2000-08-01,2000-08,Waltham Forest,E09000031,453,109879
2000-09-01,2000-09,Greenwich,E09000011,323,124605
2000-09-01,2000-09,Hackney,E09000012,175,147457
2000-09-01,2000-09,Newham,E09000025,378,102284
2000-09-01,2000-09,Tower Hamlets,E09000030,395,161232
2000-09-01,2000-09,Waltham Forest,E09000031,421,111969
2000-10-01,2000-10,Greenwich,E09000011,315,122440
2000-10-01,2000-10,Hackney,E09000012,185,145901
2000-10-01,2000-10,Newham,E09000025,404,101231
2000-10-01,2000-10,Tower Hamlets,E09000030,342,161371
2000-10-01,2000-10,Waltham Forest,E09000031,366,112714
2000-11-01,2000-11,Greenwich,E09000011,334,122431
2000-11-01,2000-11,Hackney,E09000012,200,143732
2000-11-01,2000-11,Newham,E09000025,406,101994
2000-11-01,2000-11,Tower Hamlets,E09000030,357,164993
2000-11-01,2000-11,Waltham Forest,E09000031,416,111828
2000-12-01,2000-12,Greenwich,E09000011,306,120975
2000-12-01,2000-12,Hackney,E09000012,243,142388
2000-12-01,2000-12,Newham,E09000025,424,104145
2000-12-01,2000-12,Tower Hamlets,E09000030,429,162384
2000-12-01,2000-12,Waltham Forest,E09000031,361,111571
2001-01-01,2001-01,Greenwich,E09000011,269,121609
2001-01-01,2001-01,Hackney,E09000012,227,143819
2001-01-01,2001-01,Newham,E09000025,360,106131
2001-01-01,2001-01,Tower Hamlets,E09000030,322,164827
2001-01-01,2001-01,Waltham Forest,E09000031,354,111622
2001-02-01,2001-02,Greenwich,E09000011,267,123580
2001-02-01,2001-02,Hackney,E09000012,180,146366
2001-02-01,2001-02,Newham,E09000025,345,106852
2001-02-01,2001-02,Tower Hamlets,E09000030,385,163852
2001-02-01,2001-02,Waltham Forest,E09000031,332,113043
2001-03-01,2001-03,Greenwich,E09000011,386,126465
2001-03-01,2001-03,Hackney,E09000012,287,152255
2001-03-01,2001-03,Newham,E09000025,436,106332
2001-03-01,2001-03,Tower Hamlets,E09000030,425,169921
2001-03-01,2001-03,Waltham Forest,E09000031,427,113130
2001-04-01,2001-04,Greenwich,E09000011,281,129641
2001-04-01,2001-04,Hackney,E09000012,262,155430
2001-04-01,2001-04,Newham,E09000025,384,107654
2001-04-01,2001-04,Tower Hamlets,E09000030,392,172506
2001-04-01,2001-04,Waltham Forest,E09000031,403,114742
2001-05-01,2001-05,Greenwich,E09000011,431,131079
2001-05-01,2001-05,Hackney,E09000012,284,158489
2001-05-01,2001-05,Newham,E09000025,445,109572
2001-05-01,2001-05,Tower Hamlets,E09000030,449,176679
2001-05-01,2001-05,Waltham Forest,E09000031,436,116732
2001-06-01,2001-06,Greenwich,E09000011,474,131445
2001-06-01,2001-06,Hackney,E09000012,315,160132
2001-06-01,2001-06,Newham,E09000025,562,111420
2001-06-01,2001-06,Tower Hamlets,E09000030,510,179200
2001-06-01,2001-06,Waltham Forest,E09000031,513,119952
2001-07-01,2001-07,Greenwich,E09000011,424,132742
2001-07-01,2001-07,Hackney,E09000012,292,161031
2001-07-01,2001-07,Newham,E09000025,456,111624
2001-07-01,2001-07,Tower Hamlets,E09000030,496,182127
2001-07-01,2001-07,Waltham Forest,E09000031,493,122196
2001-08-01,2001-08,Greenwich,E09000011,477,134273
2001-08-01,2001-08,Hackney,E09000012,322,162877
2001-08-01,2001-08,Newham,E09000025,494,114174
2001-08-01,2001-08,Tower Hamlets,E09000030,482,184081
2001-08-01,2001-08,Waltham Forest,E09000031,553,125713
2001-09-01,2001-09,Greenwich,E09000011,496,138563
2001-09-01,2001-09,Hackney,E09000012,278,162664
2001-09-01,2001-09,Newham,E09000025,433,117510
2001-09-01,2001-09,Tower Hamlets,E09000030,434,185722
2001-09-01,2001-09,Waltham Forest,E09000031,459,128906
2001-10-01,2001-10,Greenwich,E09000011,458,140314
2001-10-01,2001-10,Hackney,E09000012,298,165702
2001-10-01,2001-10,Newham,E09000025,474,122198
2001-10-01,2001-10,Tower Hamlets,E09000030,383,186909
2001-10-01,2001-10,Waltham Forest,E09000031,488,133281
2001-11-01,2001-11,Greenwich,E09000011,409,142137
2001-11-01,2001-11,Hackney,E09000012,292,166156
2001-11-01,2001-11,Newham,E09000025,539,124368
2001-11-01,2001-11,Tower Hamlets,E09000030,316,188734
2001-11-01,2001-11,Waltham Forest,E09000031,458,135553
2001-12-01,2001-12,Greenwich,E09000011,401,142436
2001-12-01,2001-12,Hackney,E09000012,252,168382
2001-12-01,2001-12,Newham,E09000025,538,125824
2001-12-01,2001-12,Tower Hamlets,E09000030,338,186102
2001-12-01,2001-12,Waltham Forest,E09000031,351,137669
2002-01-01,2002-01,Greenwich,E09000011,282,141840
2002-01-01,2002-01,Hackney,E09000012,185,170603
2002-01-01,2002-01,Newham,E09000025,369,128168
2002-01-01,2002-01,Tower Hamlets,E09000030,258,186693
2002-01-01,2002-01,Waltham Forest,E09000031,330,137327
2002-02-01,2002-02,Greenwich,E09000011,303,142816
2002-02-01,2002-02,Hackney,E09000012,230,170258
2002-02-01,2002-02,Newham,E09000025,385,129358
2002-02-01,2002-02,Tower Hamlets,E09000030,297,189818
2002-02-01,2002-02,Waltham Forest,E09000031,400,139434
2002-03-01,2002-03,Greenwich,E09000011,477,147160
2002-03-01,2002-03,Hackney,E09000012,305,173064
2002-03-01,2002-03,Newham,E09000025,548,130442
2002-03-01,2002-03,Tower Hamlets,E09000030,380,194622
2002-03-01,2002-03,Waltham Forest,E09000031,413,139955
2002-04-01,2002-04,Greenwich,E09000011,427,152218
2002-04-01,2002-04,Hackney,E09000012,284,170731
2002-04-01,2002-04,Newham,E09000025,467,131990
2002-04-01,2002-04,Tower Hamlets,E09000030,416,197317
2002-04-01,2002-04,Waltham Forest,E09000031,441,142060
2002-05-01,2002-05,Greenwich,E09000011,575,156788
2002-05-01,2002-05,Hackney,E09000012,388,176498
2002-05-01,2002-05,Newham,E09000025,545,135360
2002-05-01,2002-05,Tower Hamlets,E09000030,535,198834
2002-05-01,2002-05,Waltham Forest,E09000031,523,143500
2002-06-01,2002-06,Greenwich,E09000011,463,153760
2002-06-01,2002-06,Hackney,E09000012,294,180868
2002-06-01,2002-06,Newham,E09000025,412,140267
2002-06-01,2002-06,Tower Hamlets,E09000030,462,204662
2002-06-01,2002-06,Waltham Forest,E09000031,408,147334
2002-07-01,2002-07,Greenwich,E09000011,470,155596
2002-07-01,2002-07,Hackney,E09000012,351,191613
2002-07-01,2002-07,Newham,E09000025,556,143292
2002-07-01,2002-07,Tower Hamlets,E09000030,477,206889
2002-07-01,2002-07,Waltham Forest,E09000031,538,152733
2002-08-01,2002-08,Greenwich,E09000011,504,157735
2002-08-01,2002-08,Hackney,E09000012,388,195911
2002-08-01,2002-08,Newham,E09000025,489,148735
2002-08-01,2002-08,Tower Hamlets,E09000030,502,210008
2002-08-01,2002-08,Waltham Forest,E09000031,495,157302
2002-09-01,2002-09,Greenwich,E09000011,478,162731
2002-09-01,2002-09,Hackney,E09000012,337,200663
2002-09-01,2002-09,Newham,E09000025,435,152180
2002-09-01,2002-09,Tower Hamlets,E09000030,368,211298
2002-09-01,2002-09,Waltham Forest,E09000031,496,164077
2002-10-01,2002-10,Greenwich,E09000011,461,164578
2002-10-01,2002-10,Hackney,E09000012,346,200994
2002-10-01,2002-10,Newham,E09000025,447,158195
2002-10-01,2002-10,Tower Hamlets,E09000030,354,219065
2002-10-01,2002-10,Waltham Forest,E09000031,444,168389
2002-11-01,2002-11,Greenwich,E09000011,451,165247
2002-11-01,2002-11,Hackney,E09000012,296,203471
2002-11-01,2002-11,Newham,E09000025,460,160751
2002-11-01,2002-11,Tower Hamlets,E09000030,336,221671
2002-11-01,2002-11,Waltham Forest,E09000031,440,171793
2002-12-01,2002-12,Greenwich,E09000011,504,167528
2002-12-01,2002-12,Hackney,E09000012,252,201921
2002-12-01,2002-12,Newham,E09000025,401,164665
2002-12-01,2002-12,Tower Hamlets,E09000030,330,226238
2002-12-01,2002-12,Waltham Forest,E09000031,360,171605
2003-01-01,2003-01,Greenwich,E09000011,357,170239
2003-01-01,2003-01,Hackney,E09000012,232,204134
2003-01-01,2003-01,Newham,E09000025,391,167430
2003-01-01,2003-01,Tower Hamlets,E09000030,286,226556
2003-01-01,2003-01,Waltham Forest,E09000031,351,175473
2003-02-01,2003-02,Greenwich,E09000011,298,175100
2003-02-01,2003-02,Hackney,E09000012,194,207125
2003-02-01,2003-02,Newham,E09000025,349,169211
2003-02-01,2003-02,Tower Hamlets,E09000030,233,228607
2003-02-01,2003-02,Waltham Forest,E09000031,384,177267
2003-03-01,2003-03,Greenwich,E09000011,325,178004
2003-03-01,2003-03,Hackney,E09000012,172,206909
2003-03-01,2003-03,Newham,E09000025,428,171149
2003-03-01,2003-03,Tower Hamlets,E09000030,240,227082
2003-03-01,2003-03,Waltham Forest,E09000031,413,178189
2003-04-01,2003-04,Greenwich,E09000011,355,178943
2003-04-01,2003-04,Hackney,E09000012,178,204228
2003-04-01,2003-04,Newham,E09000025,388,173785
2003-04-01,2003-04,Tower Hamlets,E09000030,225,228574
2003-04-01,2003-04,Waltham Forest,E09000031,328,178308
2003-05-01,2003-05,Greenwich,E09000011,398,179960
2003-05-01,2003-05,Hackney,E09000012,197,206305
2003-05-01,2003-05,Newham,E09000025,429,175156
2003-05-01,2003-05,Tower Hamlets,E09000030,331,228665
2003-05-01,2003-05,Waltham Forest,E09000031,363,181133
2003-06-01,2003-06,Greenwich,E09000011,470,182624
2003-06-01,2003-06,Hackney,E09000012,251,207485
2003-06-01,2003-06,Newham,E09000025,464,174779
2003-06-01,2003-06,Tower Hamlets,E09000030,298,229163
2003-06-01,2003-06,Waltham Forest,E09000031,404,182825
2003-07-01,2003-07,Greenwich,E09000011,377,183771
2003-07-01,2003-07,Hackney,E09000012,240,213538
2003-07-01,2003-07,Newham,E09000025,483,175072
2003-07-01,2003-07,Tower Hamlets,E09000030,336,226798
2003-07-01,2003-07,Waltham Forest,E09000031,426,182968
2003-08-01,2003-08,Greenwich,E09000011,477,183070
2003-08-01,2003-08,Hackney,E09000012,263,209098
2003-08-01,2003-08,Newham,E09000025,435,175749
2003-08-01,2003-08,Tower Hamlets,E09000030,361,228371
2003-08-01,2003-08,Waltham Forest,E09000031,417,181604
2003-09-01,2003-09,Greenwich,E09000011,491,181566
2003-09-01,2003-09,Hackney,E09000012,230,209276
2003-09-01,2003-09,Newham,E09000025,474,179676
2003-09-01,2003-09,Tower Hamlets,E09000030,401,227395
2003-09-01,2003-09,Waltham Forest,E09000031,445,181119
2003-10-01,2003-10,Greenwich,E09000011,419,183631
2003-10-01,2003-10,Hackney,E09000012,267,207063
2003-10-01,2003-10,Newham,E09000025,584,180656
2003-10-01,2003-10,Tower Hamlets,E09000030,451,227014
2003-10-01,2003-10,Waltham Forest,E09000031,525,180562
2003-11-01,2003-11,Greenwich,E09000011,471,184672
2003-11-01,2003-11,Hackney,E09000012,266,209861
2003-11-01,2003-11,Newham,E09000025,494,184767
2003-11-01,2003-11,Tower Hamlets,E09000030,469,227983
2003-11-01,2003-11,Waltham Forest,E09000031,432,183519
2003-12-01,2003-12,Greenwich,E09000011,504,185726
2003-12-01,2003-12,Hackney,E09000012,274,209661
2003-12-01,2003-12,Newham,E09000025,474,184419
2003-12-01,2003-12,Tower Hamlets,E09000030,461,232440
2003-12-01,2003-12,Waltham Forest,E09000031,443,186324
2004-01-01,2004-01,Greenwich,E09000011,336,187006
2004-01-01,2004-01,Hackney,E09000012,269,215038
2004-01-01,2004-01,Newham,E09000025,386,184233
2004-01-01,2004-01,Tower Hamlets,E09000030,351,233161
2004-01-01,2004-01,Waltham Forest,E09000031,404,190386
2004-02-01,2004-02,Greenwich,E09000011,390,189178
2004-02-01,2004-02,Hackney,E09000012,258,213828
2004-02-01,2004-02,Newham,E09000025,385,184400
2004-02-01,2004-02,Tower Hamlets,E09000030,345,235260
2004-02-01,2004-02,Waltham Forest,E09000031,370,190595
2004-03-01,2004-03,Greenwich,E09000011,517,191912
2004-03-01,2004-03,Hackney,E09000012,329,222938
2004-03-01,2004-03,Newham,E09000025,446,187921
2004-03-01,2004-03,Tower Hamlets,E09000030,481,231446
2004-03-01,2004-03,Waltham Forest,E09000031,446,191985
2004-04-01,2004-04,Greenwich,E09000011,457,195050
2004-04-01,2004-04,Hackney,E09000012,324,220834
2004-04-01,2004-04,Newham,E09000025,426,190820
2004-04-01,2004-04,Tower Hamlets,E09000030,496,235260
2004-04-01,2004-04,Waltham Forest,E09000031,456,192686
2004-05-01,2004-05,Greenwich,E09000011,536,197462
2004-05-01,2004-05,Hackney,E09000012,284,221841
2004-05-01,2004-05,Newham,E09000025,347,190407
2004-05-01,2004-05,Tower Hamlets,E09000030,477,237977
2004-05-01,2004-05,Waltham Forest,E09000031,375,195310
2004-06-01,2004-06,Greenwich,E09000011,600,197468
2004-06-01,2004-06,Hackney,E09000012,316,218033
2004-06-01,2004-06,Newham,E09000025,465,191788
2004-06-01,2004-06,Tower Hamlets,E09000030,516,244397
2004-06-01,2004-06,Waltham Forest,E09000031,475,197474
2004-07-01,2004-07,Greenwich,E09000011,568,198888
2004-07-01,2004-07,Hackney,E09000012,337,219853
2004-07-01,2004-07,Newham,E09000025,436,194475
2004-07-01,2004-07,Tower Hamlets,E09000030,716,244020
2004-07-01,2004-07,Waltham Forest,E09000031,461,200347
2004-08-01,2004-08,Greenwich,E09000011,532,201285
2004-08-01,2004-08,Hackney,E09000012,288,226443
2004-08-01,2004-08,Newham,E09000025,451,198901
2004-08-01,2004-08,Tower Hamlets,E09000030,568,247161
2004-08-01,2004-08,Waltham Forest,E09000031,418,200436
2004-09-01,2004-09,Greenwich,E09000011,523,201907
2004-09-01,2004-09,Hackney,E09000012,254,229652
2004-09-01,2004-09,Newham,E09000025,390,201296
2004-09-01,2004-09,Tower Hamlets,E09000030,611,247008
2004-09-01,2004-09,Waltham Forest,E09000031,376,201081
2004-10-01,2004-10,Greenwich,E09000011,411,202925
2004-10-01,2004-10,Hackney,E09000012,254,234686
2004-10-01,2004-10,Newham,E09000025,361,201397
2004-10-01,2004-10,Tower Hamlets,E09000030,405,247746
2004-10-01,2004-10,Waltham Forest,E09000031,360,202536
2004-11-01,2004-11,Greenwich,E09000011,373,202813
2004-11-01,2004-11,Hackney,E09000012,191,238488
2004-11-01,2004-11,Newham,E09000025,313,201460
2004-11-01,2004-11,Tower Hamlets,E09000030,358,246427
2004-11-01,2004-11,Waltham Forest,E09000031,319,204254
2004-12-01,2004-12,Greenwich,E09000011,396,202263
2004-12-01,2004-12,Hackney,E09000012,218,239072
2004-12-01,2004-12,Newham,E09000025,319,200943
2004-12-01,2004-12,Tower Hamlets,E09000030,470,247980
2004-12-01,2004-12,Waltham Forest,E09000031,282,204191
2005-01-01,2005-01,Greenwich,E09000011,261,199802
2005-01-01,2005-01,Hackney,E09000012,143,238369
2005-01-01,2005-01,Newham,E09000025,211,199818
2005-01-01,2005-01,Tower Hamlets,E09000030,321,250824
2005-01-01,2005-01,Waltham Forest,E09000031,220,200515
2005-02-01,2005-02,Greenwich,E09000011,281,199786
2005-02-01,2005-02,Hackney,E09000012,160,236941
2005-02-01,2005-02,Newham,E09000025,263,200895
2005-02-01,2005-02,Tower Hamlets,E09000030,311,248186
2005-02-01,2005-02,Waltham Forest,E09000031,277,198434
2005-03-01,2005-03,Greenwich,E09000011,359,203406
2005-03-01,2005-03,Hackney,E09000012,159,236444
2005-03-01,2005-03,Newham,E09000025,288,199943
2005-03-01,2005-03,Tower Hamlets,E09000030,362,247131
2005-03-01,2005-03,Waltham Forest,E09000031,245,198780
2005-04-01,2005-04,Greenwich,E09000011,376,204204
2005-04-01,2005-04,Hackney,E09000012,181,234262
2005-04-01,2005-04,Newham,E09000025,290,201498
2005-04-01,2005-04,Tower Hamlets,E09000030,389,251950
2005-04-01,2005-04,Waltham Forest,E09000031,266,200706
2005-05-01,2005-05,Greenwich,E09000011,390,204498
2005-05-01,2005-05,Hackney,E09000012,196,229216
2005-05-01,2005-05,Newham,E09000025,301,199411
2005-05-01,2005-05,Tower Hamlets,E09000030,393,249782
2005-05-01,2005-05,Waltham Forest,E09000031,298,201792
2005-06-01,2005-06,Greenwich,E09000011,479,205476
2005-06-01,2005-06,Hackney,E09000012,243,227454
2005-06-01,2005-06,Newham,E09000025,374,201680
2005-06-01,2005-06,Tower Hamlets,E09000030,398,249576
2005-06-01,2005-06,Waltham Forest,E09000031,355,204633
2005-07-01,2005-07,Greenwich,E09000011,406,209199
2005-07-01,2005-07,Hackney,E09000012,266,230916
2005-07-01,2005-07,Newham,E09000025,363,202887
2005-07-01,2005-07,Tower Hamlets,E09000030,497,240730
2005-07-01,2005-07,Waltham Forest,E09000031,445,204994
2005-08-01,2005-08,Greenwich,E09000011,398,210376
2005-08-01,2005-08,Hackney,E09000012,237,235686
2005-08-01,2005-08,Newham,E09000025,331,204649
2005-08-01,2005-08,Tower Hamlets,E09000030,421,242912
2005-08-01,2005-08,Waltham Forest,E09000031,417,206655
2005-09-01,2005-09,Greenwich,E09000011,453,211342
2005-09-01,2005-09,Hackney,E09000012,252,242552
2005-09-01,2005-09,Newham,E09000025,345,203082
2005-09-01,2005-09,Tower Hamlets,E09000030,438,242198
2005-09-01,2005-09,Waltham Forest,E09000031,394,206617
2005-10-01,2005-10,Greenwich,E09000011,473,211843
2005-10-01,2005-10,Hackney,E09000012,241,238055
2005-10-01,2005-10,Newham,E09000025,354,202449
2005-10-01,2005-10,Tower Hamlets,E09000030,453,243981
2005-10-01,2005-10,Waltham Forest,E09000031,453,207206
2005-11-01,2005-11,Greenwich,E09000011,388,213711
2005-11-01,2005-11,Hackney,E09000012,217,237781
2005-11-01,2005-11,Newham,E09000025,376,203947
2005-11-01,2005-11,Tower Hamlets,E09000030,405,248512
2005-11-01,2005-11,Waltham Forest,E09000031,445,207226
2005-12-01,2005-12,Greenwich,E09000011,434,214261
2005-12-01,2005-12,Hackney,E09000012,249,240326
2005-12-01,2005-12,Newham,E09000025,413,206513
2005-12-01,2005-12,Tower Hamlets,E09000030,412,256384
2005-12-01,2005-12,Waltham Forest,E09000031,439,206366
2006-01-01,2006-01,Greenwich,E09000011,341,213487
2006-01-01,2006-01,Hackney,E09000012,249,246326
2006-01-01,2006-01,Newham,E09000025,328,207079
2006-01-01,2006-01,Tower Hamlets,E09000030,368,259211
2006-01-01,2006-01,Waltham Forest,E09000031,329,207294
2006-02-01,2006-02,Greenwich,E09000011,290,212360
2006-02-01,2006-02,Hackney,E09000012,239,248408
2006-02-01,2006-02,Newham,E09000025,334,204552
2006-02-01,2006-02,Tower Hamlets,E09000030,325,255656
2006-02-01,2006-02,Waltham Forest,E09000031,327,208381
2006-03-01,2006-03,Greenwich,E09000011,474,212077
2006-03-01,2006-03,Hackney,E09000012,296,247129
2006-03-01,2006-03,Newham,E09000025,375,202396
2006-03-01,2006-03,Tower Hamlets,E09000030,435,251002
2006-03-01,2006-03,Waltham Forest,E09000031,409,208156
2006-04-01,2006-04,Greenwich,E09000011,316,210495
2006-04-01,2006-04,Hackney,E09000012,212,250156
2006-04-01,2006-04,Newham,E09000025,283,203887
2006-04-01,2006-04,Tower Hamlets,E09000030,373,257017
2006-04-01,2006-04,Waltham Forest,E09000031,344,208538
2006-05-01,2006-05,Greenwich,E09000011,400,213294
2006-05-01,2006-05,Hackney,E09000012,253,252899
2006-05-01,2006-05,Newham,E09000025,355,208873
2006-05-01,2006-05,Tower Hamlets,E09000030,454,260893
2006-05-01,2006-05,Waltham Forest,E09000031,365,209664
2006-06-01,2006-06,Greenwich,E09000011,476,217567
2006-06-01,2006-06,Hackney,E09000012,276,261096
2006-06-01,2006-06,Newham,E09000025,401,213214
2006-06-01,2006-06,Tower Hamlets,E09000030,566,264657
2006-06-01,2006-06,Waltham Forest,E09000031,427,212654
2006-07-01,2006-07,Greenwich,E09000011,440,222105
2006-07-01,2006-07,Hackney,E09000012,320,264164
2006-07-01,2006-07,Newham,E09000025,480,214002
2006-07-01,2006-07,Tower Hamlets,E09000030,491,263997
2006-07-01,2006-07,Waltham Forest,E09000031,435,217861
2006-08-01,2006-08,Greenwich,E09000011,578,223803
2006-08-01,2006-08,Hackney,E09000012,370,270680
2006-08-01,2006-08,Newham,E09000025,391,214808
2006-08-01,2006-08,Tower Hamlets,E09000030,509,269271
2006-08-01,2006-08,Waltham Forest,E09000031,498,219978
2006-09-01,2006-09,Greenwich,E09000011,516,224186
2006-09-01,2006-09,Hackney,E09000012,307,273515
2006-09-01,2006-09,Newham,E09000025,352,215741
2006-09-01,2006-09,Tower Hamlets,E09000030,427,274664
2006-09-01,2006-09,Waltham Forest,E09000031,415,223921
2006-10-01,2006-10,Greenwich,E09000011,466,224844
2006-10-01,2006-10,Hackney,E09000012,281,276924
2006-10-01,2006-10,Newham,E09000025,401,219946
2006-10-01,2006-10,Tower Hamlets,E09000030,445,277913
2006-10-01,2006-10,Waltham Forest,E09000031,494,224727
2006-11-01,2006-11,Greenwich,E09000011,447,224423
2006-11-01,2006-11,Hackney,E09000012,300,276657
2006-11-01,2006-11,Newham,E09000025,401,221912
2006-11-01,2006-11,Tower Hamlets,E09000030,480,281320
2006-11-01,2006-11,Waltham Forest,E09000031,502,227199
2006-12-01,2006-12,Greenwich,E09000011,513,226406
2006-12-01,2006-12,Hackney,E09000012,286,274161
2006-12-01,2006-12,Newham,E09000025,356,222352
2006-12-01,2006-12,Tower Hamlets,E09000030,436,285825
2006-12-01,2006-12,Waltham Forest,E09000031,436,230027
2007-01-01,2007-01,Greenwich,E09000011,373,229355
2007-01-01,2007-01,Hackney,E09000012,241,276286
2007-01-01,2007-01,Newham,E09000025,337,223794
2007-01-01,2007-01,Tower Hamlets,E09000030,379,290342
2007-01-01,2007-01,Waltham Forest,E09000031,349,232413
2007-02-01,2007-02,Greenwich,E09000011,401,232438
2007-02-01,2007-02,Hackney,E09000012,234,280159
2007-02-01,2007-02,Newham,E09000025,353,224172
2007-02-01,2007-02,Tower Hamlets,E09000030,365,291472
2007-02-01,2007-02,Waltham Forest,E09000031,368,236377
2007-03-01,2007-03,Greenwich,E09000011,486,231937
2007-03-01,2007-03,Hackney,E09000012,285,285406
2007-03-01,2007-03,Newham,E09000025,372,227726
2007-03-01,2007-03,Tower Hamlets,E09000030,486,294287
2007-03-01,2007-03,Waltham Forest,E09000031,438,235703
2007-04-01,2007-04,Greenwich,E09000011,370,235403
2007-04-01,2007-04,Hackney,E09000012,266,285799
2007-04-01,2007-04,Newham,E09000025,294,228541
2007-04-01,2007-04,Tower Hamlets,E09000030,432,301023
2007-04-01,2007-04,Waltham Forest,E09000031,358,238195
2007-05-01,2007-05,Greenwich,E09000011,419,238392
2007-05-01,2007-05,Hackney,E09000012,309,291002
2007-05-01,2007-05,Newham,E09000025,323,231959
2007-05-01,2007-05,Tower Hamlets,E09000030,468,311269
2007-05-01,2007-05,Waltham Forest,E09000031,400,239691
2007-06-01,2007-06,Greenwich,E09000011,442,240466
2007-06-01,2007-06,Hackney,E09000012,361,291737
2007-06-01,2007-06,Newham,E09000025,398,235551
2007-06-01,2007-06,Tower Hamlets,E09000030,490,317125
2007-06-01,2007-06,Waltham Forest,E09000031,467,243605
2007-07-01,2007-07,Greenwich,E09000011,483,242496
2007-07-01,2007-07,Hackney,E09000012,315,301681
2007-07-01,2007-07,Newham,E09000025,442,238652
2007-07-01,2007-07,Tower Hamlets,E09000030,531,323951
2007-07-01,2007-07,Waltham Forest,E09000031,429,247296
2007-08-01,2007-08,Greenwich,E09000011,510,245466
2007-08-01,2007-08,Hackney,E09000012,353,311812
2007-08-01,2007-08,Newham,E09000025,439,243100
2007-08-01,2007-08,Tower Hamlets,E09000030,456,329771
2007-08-01,2007-08,Waltham Forest,E09000031,523,250804
2007-09-01,2007-09,Greenwich,E09000011,513,249632
2007-09-01,2007-09,Hackney,E09000012,335,324570
2007-09-01,2007-09,Newham,E09000025,373,244923
2007-09-01,2007-09,Tower Hamlets,E09000030,503,330249
2007-09-01,2007-09,Waltham Forest,E09000031,408,254088
2007-10-01,2007-10,Greenwich,E09000011,435,251424
2007-10-01,2007-10,Hackney,E09000012,308,322717
2007-10-01,2007-10,Newham,E09000025,374,247188
2007-10-01,2007-10,Tower Hamlets,E09000030,450,332518
2007-10-01,2007-10,Waltham Forest,E09000031,426,251857
2007-11-01,2007-11,Greenwich,E09000011,425,251409
2007-11-01,2007-11,Hackney,E09000012,307,320430
2007-11-01,2007-11,Newham,E09000025,377,246518
2007-11-01,2007-11,Tower Hamlets,E09000030,461,328072
2007-11-01,2007-11,Waltham Forest,E09000031,375,252972
2007-12-01,2007-12,Greenwich,E09000011,324,251525
2007-12-01,2007-12,Hackney,E09000012,241,311338
2007-12-01,2007-12,Newham,E09000025,288,246311
2007-12-01,2007-12,Tower Hamlets,E09000030,384,332792
2007-12-01,2007-12,Waltham Forest,E09000031,284,253782
2008-01-01,2008-01,Greenwich,E09000011,251,251786
2008-01-01,2008-01,Hackney,E09000012,178,318655
2008-01-01,2008-01,Newham,E09000025,307,247223
2008-01-01,2008-01,Tower Hamlets,E09000030,272,330037
2008-01-01,2008-01,Waltham Forest,E09000031,247,258043
2008-02-01,2008-02,Greenwich,E09000011,262,253031
2008-02-01,2008-02,Hackney,E09000012,181,317203
2008-02-01,2008-02,Newham,E09000025,352,244647
2008-02-01,2008-02,Tower Hamlets,E09000030,248,339006
2008-02-01,2008-02,Waltham Forest,E09000031,245,256043
2008-03-01,2008-03,Greenwich,E09000011,255,252823
2008-03-01,2008-03,Hackney,E09000012,175,323971
2008-03-01,2008-03,Newham,E09000025,394,240178
2008-03-01,2008-03,Tower Hamlets,E09000030,276,347056
2008-03-01,2008-03,Waltham Forest,E09000031,228,253838
2008-04-01,2008-04,Greenwich,E09000011,205,254533
2008-04-01,2008-04,Hackney,E09000012,162,326905
2008-04-01,2008-04,Newham,E09000025,331,233503
2008-04-01,2008-04,Tower Hamlets,E09000030,215,352383
2008-04-01,2008-04,Waltham Forest,E09000031,273,249159
2008-05-01,2008-05,Greenwich,E09000011,234,253085
2008-05-01,2008-05,Hackney,E09000012,161,335344
2008-05-01,2008-05,Newham,E09000025,300,233939
2008-05-01,2008-05,Tower Hamlets,E09000030,262,351537
2008-05-01,2008-05,Waltham Forest,E09000031,223,247440
2008-06-01,2008-06,Greenwich,E09000011,233,254379
2008-06-01,2008-06,Hackney,E09000012,136,343353
2008-06-01,2008-06,Newham,E09000025,309,241413
2008-06-01,2008-06,Tower Hamlets,E09000030,275,337728
2008-06-01,2008-06,Waltham Forest,E09000031,216,245435
2008-07-01,2008-07,Greenwich,E09000011,265,246801
2008-07-01,2008-07,Hackney,E09000012,144,336088
2008-07-01,2008-07,Newham,E09000025,176,243869
2008-07-01,2008-07,Tower Hamlets,E09000030,199,330901
2008-07-01,2008-07,Waltham Forest,E09000031,202,243251
2008-08-01,2008-08,Greenwich,E09000011,166,241936
2008-08-01,2008-08,Hackney,E09000012,118,329744
2008-08-01,2008-08,Newham,E09000025,128,236197
2008-08-01,2008-08,Tower Hamlets,E09000030,253,324404
2008-08-01,2008-08,Waltham Forest,E09000031,191,239382
2008-09-01,2008-09,Greenwich,E09000011,140,235503
2008-09-01,2008-09,Hackney,E09000012,83,313584
2008-09-01,2008-09,Newham,E09000025,105,227593
2008-09-01,2008-09,Tower Hamlets,E09000030,149,319748
2008-09-01,2008-09,Waltham Forest,E09000031,161,233222
2008-10-01,2008-10,Greenwich,E09000011,151,230832
2008-10-01,2008-10,Hackney,E09000012,108,309739
2008-10-01,2008-10,Newham,E09000025,91,216341
2008-10-01,2008-10,Tower Hamlets,E09000030,144,317148
2008-10-01,2008-10,Waltham Forest,E09000031,170,224419
2008-11-01,2008-11,Greenwich,E09000011,113,227434
2008-11-01,2008-11,Hackney,E09000012,110,309453
2008-11-01,2008-11,Newham,E09000025,68,215225
2008-11-01,2008-11,Tower Hamlets,E09000030,106,294563
2008-11-01,2008-11,Waltham Forest,E09000031,110,219043
2008-12-01,2008-12,Greenwich,E09000011,112,226617
2008-12-01,2008-12,Hackney,E09000012,135,304083
2008-12-01,2008-12,Newham,E09000025,127,200378
2008-12-01,2008-12,Tower Hamlets,E09000030,130,281013
2008-12-01,2008-12,Waltham Forest,E09000031,124,216323
2009-01-01,2009-01,Greenwich,E09000011,90,227242
2009-01-01,2009-01,Hackney,E09000012,82,307514
2009-01-01,2009-01,Newham,E09000025,84,197562
2009-01-01,2009-01,Tower Hamlets,E09000030,108,275970
2009-01-01,2009-01,Waltham Forest,E09000031,110,217709
2009-02-01,2009-02,Greenwich,E09000011,72,225359
2009-02-01,2009-02,Hackney,E09000012,79,294056
2009-02-01,2009-02,Newham,E09000025,72,195065
2009-02-01,2009-02,Tower Hamlets,E09000030,121,284328
2009-02-01,2009-02,Waltham Forest,E09000031,97,214437
2009-03-01,2009-03,Greenwich,E09000011,122,219490
2009-03-01,2009-03,Hackney,E09000012,93,302419
2009-03-01,2009-03,Newham,E09000025,88,200015
2009-03-01,2009-03,Tower Hamlets,E09000030,149,290583
2009-03-01,2009-03,Waltham Forest,E09000031,115,210295
2009-04-01,2009-04,Greenwich,E09000011,88,216749
2009-04-01,2009-04,Hackney,E09000012,152,276768
2009-04-01,2009-04,Newham,E09000025,88,198759
2009-04-01,2009-04,Tower Hamlets,E09000030,115,282032
2009-04-01,2009-04,Waltham Forest,E09000031,103,205342
2009-05-01,2009-05,Greenwich,E09000011,125,211760
2009-05-01,2009-05,Hackney,E09000012,107,273305
2009-05-01,2009-05,Newham,E09000025,98,191582
2009-05-01,2009-05,Tower Hamlets,E09000030,192,280797
2009-05-01,2009-05,Waltham Forest,E09000031,127,202687
2009-06-01,2009-06,Greenwich,E09000011,161,211456
2009-06-01,2009-06,Hackney,E09000012,191,260137
2009-06-01,2009-06,Newham,E09000025,112,190613
2009-06-01,2009-06,Tower Hamlets,E09000030,260,279740
2009-06-01,2009-06,Waltham Forest,E09000031,154,202745
2009-07-01,2009-07,Greenwich,E09000011,216,212398
2009-07-01,2009-07,Hackney,E09000012,160,280330
2009-07-01,2009-07,Newham,E09000025,130,193266
2009-07-01,2009-07,Tower Hamlets,E09000030,359,271410
2009-07-01,2009-07,Waltham Forest,E09000031,216,204536
2009-08-01,2009-08,Greenwich,E09000011,219,218774
2009-08-01,2009-08,Hackney,E09000012,199,286783
2009-08-01,2009-08,Newham,E09000025,110,199023
2009-08-01,2009-08,Tower Hamlets,E09000030,299,263928
2009-08-01,2009-08,Waltham Forest,E09000031,191,208772
2009-09-01,2009-09,Greenwich,E09000011,201,225987
2009-09-01,2009-09,Hackney,E09000012,166,300863
2009-09-01,2009-09,Newham,E09000025,155,196602
2009-09-01,2009-09,Tower Hamlets,E09000030,304,271942
2009-09-01,2009-09,Waltham Forest,E09000031,191,214390
2009-10-01,2009-10,Greenwich,E09000011,222,230796
2009-10-01,2009-10,Hackney,E09000012,186,304195
2009-10-01,2009-10,Newham,E09000025,134,196915
2009-10-01,2009-10,Tower Hamlets,E09000030,258,289801
2009-10-01,2009-10,Waltham Forest,E09000031,243,217647
2009-11-01,2009-11,Greenwich,E09000011,184,232147
2009-11-01,2009-11,Hackney,E09000012,189,310619
2009-11-01,2009-11,Newham,E09000025,139,198246
2009-11-01,2009-11,Tower Hamlets,E09000030,367,306398
2009-11-01,2009-11,Waltham Forest,E09000031,201,220267
2009-12-01,2009-12,Greenwich,E09000011,237,232871
2009-12-01,2009-12,Hackney,E09000012,248,304758
2009-12-01,2009-12,Newham,E09000025,198,202198
2009-12-01,2009-12,Tower Hamlets,E09000030,434,304924
2009-12-01,2009-12,Waltham Forest,E09000031,223,220437
2010-01-01,2010-01,Greenwich,E09000011,137,233712
2010-01-01,2010-01,Hackney,E09000012,149,305856
2010-01-01,2010-01,Newham,E09000025,108,203356
2010-01-01,2010-01,Tower Hamlets,E09000030,263,304977
2010-01-01,2010-01,Waltham Forest,E09000031,139,221775
2010-02-01,2010-02,Greenwich,E09000011,169,234376
2010-02-01,2010-02,Hackney,E09000012,140,308574
2010-02-01,2010-02,Newham,E09000025,137,205563
2010-02-01,2010-02,Tower Hamlets,E09000030,263,306989
2010-02-01,2010-02,Waltham Forest,E09000031,171,226508
2010-03-01,2010-03,Greenwich,E09000011,170,236809
2010-03-01,2010-03,Hackney,E09000012,161,307364
2010-03-01,2010-03,Newham,E09000025,173,208894
2010-03-01,2010-03,Tower Hamlets,E09000030,299,313882
2010-03-01,2010-03,Waltham Forest,E09000031,180,229543
2010-04-01,2010-04,Greenwich,E09000011,165,235369
2010-04-01,2010-04,Hackney,E09000012,184,308192
2010-04-01,2010-04,Newham,E09000025,117,211232
2010-04-01,2010-04,Tower Hamlets,E09000030,291,317206
2010-04-01,2010-04,Waltham Forest,E09000031,160,232335
2010-05-01,2010-05,Greenwich,E09000011,156,238200
2010-05-01,2010-05,Hackney,E09000012,145,304416
2010-05-01,2010-05,Newham,E09000025,140,212951
2010-05-01,2010-05,Tower Hamlets,E09000030,343,312681
2010-05-01,2010-05,Waltham Forest,E09000031,150,230616
2010-06-01,2010-06,Greenwich,E09000011,196,238048
2010-06-01,2010-06,Hackney,E09000012,173,315870
2010-06-01,2010-06,Newham,E09000025,179,213393
2010-06-01,2010-06,Tower Hamlets,E09000030,395,311135
2010-06-01,2010-06,Waltham Forest,E09000031,232,227247
2010-07-01,2010-07,Greenwich,E09000011,259,246940
2010-07-01,2010-07,Hackney,E09000012,208,314851
2010-07-01,2010-07,Newham,E09000025,155,217273
2010-07-01,2010-07,Tower Hamlets,E09000030,389,308377
2010-07-01,2010-07,Waltham Forest,E09000031,225,230187
2010-08-01,2010-08,Greenwich,E09000011,181,251407
2010-08-01,2010-08,Hackney,E09000012,202,318460
2010-08-01,2010-08,Newham,E09000025,141,217136
2010-08-01,2010-08,Tower Hamlets,E09000030,277,312037
2010-08-01,2010-08,Waltham Forest,E09000031,209,229762
2010-09-01,2010-09,Greenwich,E09000011,201,253221
2010-09-01,2010-09,Hackney,E09000012,197,317769
2010-09-01,2010-09,Newham,E09000025,147,220117
2010-09-01,2010-09,Tower Hamlets,E09000030,300,309656
2010-09-01,2010-09,Waltham Forest,E09000031,192,234518
2010-10-01,2010-10,Greenwich,E09000011,227,247991
2010-10-01,2010-10,Hackney,E09000012,198,314906
2010-10-01,2010-10,Newham,E09000025,129,217854
2010-10-01,2010-10,Tower Hamlets,E09000030,271,311788
2010-10-01,2010-10,Waltham Forest,E09000031,212,231415
2010-11-01,2010-11,Greenwich,E09000011,176,243857
2010-11-01,2010-11,Hackney,E09000012,235,306858
2010-11-01,2010-11,Newham,E09000025,140,218431
2010-11-01,2010-11,Tower Hamlets,E09000030,391,307598
2010-11-01,2010-11,Waltham Forest,E09000031,188,230552
2010-12-01,2010-12,Greenwich,E09000011,196,242643
2010-12-01,2010-12,Hackney,E09000012,195,305060
2010-12-01,2010-12,Newham,E09000025,115,217382
2010-12-01,2010-12,Tower Hamlets,E09000030,286,308267
2010-12-01,2010-12,Waltham Forest,E09000031,184,227518
2011-01-01,2011-01,Greenwich,E09000011,142,243139
2011-01-01,2011-01,Hackney,E09000012,137,304203
2011-01-01,2011-01,Newham,E09000025,108,218042
2011-01-01,2011-01,Tower Hamlets,E09000030,260,311115
2011-01-01,2011-01,Waltham Forest,E09000031,161,224928
2011-02-01,2011-02,Greenwich,E09000011,156,241985
2011-02-01,2011-02,Hackney,E09000012,131,310751
2011-02-01,2011-02,Newham,E09000025,103,214716
2011-02-01,2011-02,Tower Hamlets,E09000030,209,314624
2011-02-01,2011-02,Waltham Forest,E09000031,163,225895
2011-03-01,2011-03,Greenwich,E09000011,195,238870
2011-03-01,2011-03,Hackney,E09000012,129,304410
2011-03-01,2011-03,Newham,E09000025,147,211034
2011-03-01,2011-03,Tower Hamlets,E09000030,270,319745
2011-03-01,2011-03,Waltham Forest,E09000031,192,223628
2011-04-01,2011-04,Greenwich,E09000011,179,240442
2011-04-01,2011-04,Hackney,E09000012,124,314568
2011-04-01,2011-04,Newham,E09000025,114,209677
2011-04-01,2011-04,Tower Hamlets,E09000030,214,321563
2011-04-01,2011-04,Waltham Forest,E09000031,153,225648
2011-05-01,2011-05,Greenwich,E09000011,200,245689
2011-05-01,2011-05,Hackney,E09000012,161,312799
2011-05-01,2011-05,Newham,E09000025,125,213256
2011-05-01,2011-05,Tower Hamlets,E09000030,279,318504
2011-05-01,2011-05,Waltham Forest,E09000031,160,226474
2011-06-01,2011-06,Greenwich,E09000011,231,246520
2011-06-01,2011-06,Hackney,E09000012,233,315292
2011-06-01,2011-06,Newham,E09000025,124,216229
2011-06-01,2011-06,Tower Hamlets,E09000030,345,309720
2011-06-01,2011-06,Waltham Forest,E09000031,193,226282
2011-07-01,2011-07,Greenwich,E09000011,306,243830
2011-07-01,2011-07,Hackney,E09000012,181,319212
2011-07-01,2011-07,Newham,E09000025,145,217052
2011-07-01,2011-07,Tower Hamlets,E09000030,390,304446
2011-07-01,2011-07,Waltham Forest,E09000031,201,228336
2011-08-01,2011-08,Greenwich,E09000011,264,242157
2011-08-01,2011-08,Hackney,E09000012,270,322981
2011-08-01,2011-08,Newham,E09000025,138,218259
2011-08-01,2011-08,Tower Hamlets,E09000030,307,309614
2011-08-01,2011-08,Waltham Forest,E09000031,243,226774
2011-09-01,2011-09,Greenwich,E09000011,241,245144
2011-09-01,2011-09,Hackney,E09000012,272,334070
2011-09-01,2011-09,Newham,E09000025,142,221530
2011-09-01,2011-09,Tower Hamlets,E09000030,262,317074
2011-09-01,2011-09,Waltham Forest,E09000031,214,231629
2011-10-01,2011-10,Greenwich,E09000011,214,242491
2011-10-01,2011-10,Hackney,E09000012,178,327870
2011-10-01,2011-10,Newham,E09000025,127,221927
2011-10-01,2011-10,Tower Hamlets,E09000030,255,318995
2011-10-01,2011-10,Waltham Forest,E09000031,212,232261
2011-11-01,2011-11,Greenwich,E09000011,217,239161
2011-11-01,2011-11,Hackney,E09000012,198,334455
2011-11-01,2011-11,Newham,E09000025,143,222021
2011-11-01,2011-11,Tower Hamlets,E09000030,321,320643
2011-11-01,2011-11,Waltham Forest,E09000031,206,232816
2011-12-01,2011-12,Greenwich,E09000011,215,236008
2011-12-01,2011-12,Hackney,E09000012,203,329394
2011-12-01,2011-12,Newham,E09000025,186,219920
2011-12-01,2011-12,Tower Hamlets,E09000030,250,318010
2011-12-01,2011-12,Waltham Forest,E09000031,219,232475
2012-01-01,2012-01,Greenwich,E09000011,180,240867
2012-01-01,2012-01,Hackney,E09000012,128,335152
2012-01-01,2012-01,Newham,E09000025,175,223083
2012-01-01,2012-01,Tower Hamlets,E09000030,209,316100
2012-01-01,2012-01,Waltham Forest,E09000031,162,231367
2012-02-01,2012-02,Greenwich,E09000011,210,243042
2012-02-01,2012-02,Hackney,E09000012,198,321270
2012-02-01,2012-02,Newham,E09000025,124,219884
2012-02-01,2012-02,Tower Hamlets,E09000030,246,309192
2012-02-01,2012-02,Waltham Forest,E09000031,161,232544
2012-03-01,2012-03,Greenwich,E09000011,317,245263
2012-03-01,2012-03,Hackney,E09000012,220,320137
2012-03-01,2012-03,Newham,E09000025,215,221190
2012-03-01,2012-03,Tower Hamlets,E09000030,354,304499
2012-03-01,2012-03,Waltham Forest,E09000031,248,231358
2012-04-01,2012-04,Greenwich,E09000011,174,246754
2012-04-01,2012-04,Hackney,E09000012,153,321851
2012-04-01,2012-04,Newham,E09000025,82,218629
2012-04-01,2012-04,Tower Hamlets,E09000030,229,302374
2012-04-01,2012-04,Waltham Forest,E09000031,125,232932
2012-05-01,2012-05,Greenwich,E09000011,224,249195
2012-05-01,2012-05,Hackney,E09000012,190,327462
2012-05-01,2012-05,Newham,E09000025,105,222850
2012-05-01,2012-05,Tower Hamlets,E09000030,332,300543
2012-05-01,2012-05,Waltham Forest,E09000031,159,236364
2012-06-01,2012-06,Greenwich,E09000011,273,252043
2012-06-01,2012-06,Hackney,E09000012,216,332068
2012-06-01,2012-06,Newham,E09000025,112,221945
2012-06-01,2012-06,Tower Hamlets,E09000030,371,309999
2012-06-01,2012-06,Waltham Forest,E09000031,203,240165
2012-07-01,2012-07,Greenwich,E09000011,226,254672
2012-07-01,2012-07,Hackney,E09000012,218,335418
2012-07-01,2012-07,Newham,E09000025,131,226166
2012-07-01,2012-07,Tower Hamlets,E09000030,388,311173
2012-07-01,2012-07,Waltham Forest,E09000031,199,244503
2012-08-01,2012-08,Greenwich,E09000011,256,254872
2012-08-01,2012-08,Hackney,E09000012,288,344295
2012-08-01,2012-08,Newham,E09000025,103,224613
2012-08-01,2012-08,Tower Hamlets,E09000030,330,318743
2012-08-01,2012-08,Waltham Forest,E09000031,240,243700
2012-09-01,2012-09,Greenwich,E09000011,190,254103
2012-09-01,2012-09,Hackney,E09000012,298,348934
2012-09-01,2012-09,Newham,E09000025,156,223795
2012-09-01,2012-09,Tower Hamlets,E09000030,316,317437
2012-09-01,2012-09,Waltham Forest,E09000031,179,242815
2012-10-01,2012-10,Greenwich,E09000011,225,253575
2012-10-01,2012-10,Hackney,E09000012,233,345588
2012-10-01,2012-10,Newham,E09000025,178,221145
2012-10-01,2012-10,Tower Hamlets,E09000030,302,322807
2012-10-01,2012-10,Waltham Forest,E09000031,208,239047
2012-11-01,2012-11,Greenwich,E09000011,249,253141
2012-11-01,2012-11,Hackney,E09000012,224,351955
2012-11-01,2012-11,Newham,E09000025,152,220952
2012-11-01,2012-11,Tower Hamlets,E09000030,296,322711
2012-11-01,2012-11,Waltham Forest,E09000031,234,239518
2012-12-01,2012-12,Greenwich,E09000011,240,255292
2012-12-01,2012-12,Hackney,E09000012,252,354239
2012-12-01,2012-12,Newham,E09000025,170,224119
2012-12-01,2012-12,Tower Hamlets,E09000030,223,324637
2012-12-01,2012-12,Waltham Forest,E09000031,207,244522
2013-01-01,2013-01,Greenwich,E09000011,187,256926
2013-01-01,2013-01,Hackney,E09000012,157,362867
2013-01-01,2013-01,Newham,E09000025,136,225971
2013-01-01,2013-01,Tower Hamlets,E09000030,305,322706
2013-01-01,2013-01,Waltham Forest,E09000031,170,244565
2013-02-01,2013-02,Greenwich,E09000011,182,258357
2013-02-01,2013-02,Hackney,E09000012,161,364941
2013-02-01,2013-02,Newham,E09000025,192,227412
2013-02-01,2013-02,Tower Hamlets,E09000030,253,323403
2013-02-01,2013-02,Waltham Forest,E09000031,188,247701
2013-03-01,2013-03,Greenwich,E09000011,271,260672
2013-03-01,2013-03,Hackney,E09000012,192,367051
2013-03-01,2013-03,Newham,E09000025,173,228545
2013-03-01,2013-03,Tower Hamlets,E09000030,348,315233
2013-03-01,2013-03,Waltham Forest,E09000031,206,247444
2013-04-01,2013-04,Greenwich,E09000011,187,260790
2013-04-01,2013-04,Hackney,E09000012,217,369206
2013-04-01,2013-04,Newham,E09000025,139,230074
2013-04-01,2013-04,Tower Hamlets,E09000030,276,320374
2013-04-01,2013-04,Waltham Forest,E09000031,188,252365
2013-05-01,2013-05,Greenwich,E09000011,263,263837
2013-05-01,2013-05,Hackney,E09000012,259,370297
2013-05-01,2013-05,Newham,E09000025,172,231623
2013-05-01,2013-05,Tower Hamlets,E09000030,299,321753
2013-05-01,2013-05,Waltham Forest,E09000031,217,258148
2013-06-01,2013-06,Greenwich,E09000011,271,262701
2013-06-01,2013-06,Hackney,E09000012,243,374442
2013-06-01,2013-06,Newham,E09000025,188,234837
2013-06-01,2013-06,Tower Hamlets,E09000030,334,334018
2013-06-01,2013-06,Waltham Forest,E09000031,197,260043
2013-07-01,2013-07,Greenwich,E09000011,315,265784
2013-07-01,2013-07,Hackney,E09000012,272,380617
2013-07-01,2013-07,Newham,E09000025,216,234180
2013-07-01,2013-07,Tower Hamlets,E09000030,451,336393
2013-07-01,2013-07,Waltham Forest,E09000031,284,264907
2013-08-01,2013-08,Greenwich,E09000011,353,268874
2013-08-01,2013-08,Hackney,E09000012,298,392378
2013-08-01,2013-08,Newham,E09000025,194,234894
2013-08-01,2013-08,Tower Hamlets,E09000030,469,339601
2013-08-01,2013-08,Waltham Forest,E09000031,295,266984
2013-09-01,2013-09,Greenwich,E09000011,349,273423
2013-09-01,2013-09,Hackney,E09000012,230,408202
2013-09-01,2013-09,Newham,E09000025,239,234056
2013-09-01,2013-09,Tower Hamlets,E09000030,414,342350
2013-09-01,2013-09,Waltham Forest,E09000031,252,273327
2013-10-01,2013-10,Greenwich,E09000011,395,274955
2013-10-01,2013-10,Hackney,E09000012,208,406084
2013-10-01,2013-10,Newham,E09000025,205,233577
2013-10-01,2013-10,Tower Hamlets,E09000030,398,356246
2013-10-01,2013-10,Waltham Forest,E09000031,300,275107
2013-11-01,2013-11,Greenwich,E09000011,393,278419
2013-11-01,2013-11,Hackney,E09000012,244,411178
2013-11-01,2013-11,Newham,E09000025,266,238225
2013-11-01,2013-11,Tower Hamlets,E09000030,486,372948
2013-11-01,2013-11,Waltham Forest,E09000031,295,277826
2013-12-01,2013-12,Greenwich,E09000011,368,286121
2013-12-01,2013-12,Hackney,E09000012,239,416420
2013-12-01,2013-12,Newham,E09000025,266,239851
2013-12-01,2013-12,Tower Hamlets,E09000030,397,386044
2013-12-01,2013-12,Waltham Forest,E09000031,313,282076
2014-01-01,2014-01,Greenwich,E09000011,341,291914
2014-01-01,2014-01,Hackney,E09000012,169,429128
2014-01-01,2014-01,Newham,E09000025,237,244838
2014-01-01,2014-01,Tower Hamlets,E09000030,430,389954
2014-01-01,2014-01,Waltham Forest,E09000031,241,288169
2014-02-01,2014-02,Greenwich,E09000011,299,294398
2014-02-01,2014-02,Hackney,E09000012,256,437653
2014-02-01,2014-02,Newham,E09000025,218,244665
2014-02-01,2014-02,Tower Hamlets,E09000030,426,396060
2014-02-01,2014-02,Waltham Forest,E09000031,265,296375
2014-03-01,2014-03,Greenwich,E09000011,272,291602
2014-03-01,2014-03,Hackney,E09000012,212,448204
2014-03-01,2014-03,Newham,E09000025,264,245062
2014-03-01,2014-03,Tower Hamlets,E09000030,525,403735
2014-03-01,2014-03,Waltham Forest,E09000031,297,299627
2014-04-01,2014-04,Greenwich,E09000011,340,299582
2014-04-01,2014-04,Hackney,E09000012,246,455702
2014-04-01,2014-04,Newham,E09000025,211,253363
2014-04-01,2014-04,Tower Hamlets,E09000030,466,412951
2014-04-01,2014-04,Waltham Forest,E09000031,262,305270
2014-05-01,2014-05,Greenwich,E09000011,567,306871
2014-05-01,2014-05,Hackney,E09000012,226,467642
2014-05-01,2014-05,Newham,E09000025,241,260239
2014-05-01,2014-05,Tower Hamlets,E09000030,438,417336
2014-05-01,2014-05,Waltham Forest,E09000031,323,311409
2014-06-01,2014-06,Greenwich,E09000011,435,322485
2014-06-01,2014-06,Hackney,E09000012,310,475863
2014-06-01,2014-06,Newham,E09000025,319,269541
2014-06-01,2014-06,Tower Hamlets,E09000030,466,419435
2014-06-01,2014-06,Waltham Forest,E09000031,304,319175
2014-07-01,2014-07,Greenwich,E09000011,497,321906
2014-07-01,2014-07,Hackney,E09000012,280,485473
2014-07-01,2014-07,Newham,E09000025,250,275355
2014-07-01,2014-07,Tower Hamlets,E09000030,421,417663
2014-07-01,2014-07,Waltham Forest,E09000031,348,331655
2014-08-01,2014-08,Greenwich,E09000011,428,331352
2014-08-01,2014-08,Hackney,E09000012,244,496424
2014-08-01,2014-08,Newham,E09000025,287,282647
2014-08-01,2014-08,Tower Hamlets,E09000030,405,423896
2014-08-01,2014-08,Waltham Forest,E09000031,326,340170
2014-09-01,2014-09,Greenwich,E09000011,405,329205
2014-09-01,2014-09,Hackney,E09000012,266,497690
2014-09-01,2014-09,Newham,E09000025,263,288676
2014-09-01,2014-09,Tower Hamlets,E09000030,400,430188
2014-09-01,2014-09,Waltham Forest,E09000031,305,351787
2014-10-01,2014-10,Greenwich,E09000011,373,331507
2014-10-01,2014-10,Hackney,E09000012,282,499494
2014-10-01,2014-10,Newham,E09000025,283,290951
2014-10-01,2014-10,Tower Hamlets,E09000030,472,441146
2014-10-01,2014-10,Waltham Forest,E09000031,334,353145
2014-11-01,2014-11,Greenwich,E09000011,320,329220
2014-11-01,2014-11,Hackney,E09000012,206,482535
2014-11-01,2014-11,Newham,E09000025,227,291618
2014-11-01,2014-11,Tower Hamlets,E09000030,397,438786
2014-11-01,2014-11,Waltham Forest,E09000031,283,352944
2014-12-01,2014-12,Greenwich,E09000011,348,330411
2014-12-01,2014-12,Hackney,E09000012,221,486579
2014-12-01,2014-12,Newham,E09000025,245,291735
2014-12-01,2014-12,Tower Hamlets,E09000030,334,444045
2014-12-01,2014-12,Waltham Forest,E09000031,278,352494
2015-01-01,2015-01,Greenwich,E09000011,351,335216
2015-01-01,2015-01,Hackney,E09000012,194,485309
2015-01-01,2015-01,Newham,E09000025,198,290599
2015-01-01,2015-01,Tower Hamlets,E09000030,276,447028
2015-01-01,2015-01,Waltham Forest,E09000031,238,349739
2015-02-01,2015-02,Greenwich,E09000011,367,334826
2015-02-01,2015-02,Hackney,E09000012,167,496451
2015-02-01,2015-02,Newham,E09000025,211,292415
2015-02-01,2015-02,Tower Hamlets,E09000030,251,449433
2015-02-01,2015-02,Waltham Forest,E09000031,233,348180
2015-03-01,2015-03,Greenwich,E09000011,290,332690
2015-03-01,2015-03,Hackney,E09000012,176,493357
2015-03-01,2015-03,Newham,E09000025,217,295416
2015-03-01,2015-03,Tower Hamlets,E09000030,406,445219
2015-03-01,2015-03,Waltham Forest,E09000031,320,346670
2015-04-01,2015-04,Greenwich,E09000011,242,331074
2015-04-01,2015-04,Hackney,E09000012,243,510799
2015-04-01,2015-04,Newham,E09000025,185,300428
2015-04-01,2015-04,Tower Hamlets,E09000030,328,449002
2015-04-01,2015-04,Waltham Forest,E09000031,293,350669
2015-05-01,2015-05,Greenwich,E09000011,286,337654
2015-05-01,2015-05,Hackney,E09000012,229,523322
2015-05-01,2015-05,Newham,E09000025,228,304660
2015-05-01,2015-05,Tower Hamlets,E09000030,401,463623
2015-05-01,2015-05,Waltham Forest,E09000031,240,353653
2015-06-01,2015-06,Greenwich,E09000011,324,346368
2015-06-01,2015-06,Hackney,E09000012,311,532913
2015-06-01,2015-06,Newham,E09000025,374,306401
2015-06-01,2015-06,Tower Hamlets,E09000030,400,471684
2015-06-01,2015-06,Waltham Forest,E09000031,283,362381
2015-07-01,2015-07,Greenwich,E09000011,411,357198
2015-07-01,2015-07,Hackney,E09000012,369,537085
2015-07-01,2015-07,Newham,E09000025,268,310786
2015-07-01,2015-07,Tower Hamlets,E09000030,379,468385
2015-07-01,2015-07,Waltham Forest,E09000031,356,367223
2015-08-01,2015-08,Greenwich,E09000011,325,360101
2015-08-01,2015-08,Hackney,E09000012,336,542837
2015-08-01,2015-08,Newham,E09000025,240,315018
2015-08-01,2015-08,Tower Hamlets,E09000030,368,460865
2015-08-01,2015-08,Waltham Forest,E09000031,321,378253
2015-09-01,2015-09,Greenwich,E09000011,427,360828
2015-09-01,2015-09,Hackney,E09000012,215,541455
2015-09-01,2015-09,Newham,E09000025,283,322373
2015-09-01,2015-09,Tower Hamlets,E09000030,362,463000
2015-09-01,2015-09,Waltham Forest,E09000031,328,383513
2015-10-01,2015-10,Greenwich,E09000011,379,362226
2015-10-01,2015-10,Hackney,E09000012,235,539819
2015-10-01,2015-10,Newham,E09000025,307,327056
2015-10-01,2015-10,Tower Hamlets,E09000030,390,468623
2015-10-01,2015-10,Waltham Forest,E09000031,298,392747
2015-11-01,2015-11,Greenwich,E09000011,443,366348
2015-11-01,2015-11,Hackney,E09000012,213,537688
2015-11-01,2015-11,Newham,E09000025,273,331784
2015-11-01,2015-11,Tower Hamlets,E09000030,313,483790
2015-11-01,2015-11,Waltham Forest,E09000031,302,397752
2015-12-01,2015-12,Greenwich,E09000011,456,380375
2015-12-01,2015-12,Hackney,E09000012,234,546793
2015-12-01,2015-12,Newham,E09000025,298,333814
2015-12-01,2015-12,Tower Hamlets,E09000030,309,487530
2015-12-01,2015-12,Waltham Forest,E09000031,282,399019
2016-01-01,2016-01,Greenwich,E09000011,263,385751
2016-01-01,2016-01,Hackney,E09000012,157,565035
2016-01-01,2016-01,Newham,E09000025,252,340602
2016-01-01,2016-01,Tower Hamlets,E09000030,244,503590
2016-01-01,2016-01,Waltham Forest,E09000031,257,404667
2016-02-01,2016-02,Greenwich,E09000011,334,386189
2016-02-01,2016-02,Hackney,E09000012,162,575553
2016-02-01,2016-02,Newham,E09000025,238,344383
2016-02-01,2016-02,Tower Hamlets,E09000030,330,505402
2016-02-01,2016-02,Waltham Forest,E09000031,254,417508
2016-03-01,2016-03,Greenwich,E09000011,579,380621
2016-03-01,2016-03,Hackney,E09000012,383,585671
2016-03-01,2016-03,Newham,E09000025,479,351211
2016-03-01,2016-03,Tower Hamlets,E09000030,615,515287
2016-03-01,2016-03,Waltham Forest,E09000031,421,424530
2016-04-01,2016-04,Greenwich,E09000011,207,387360
2016-04-01,2016-04,Hackney,E09000012,155,553456
2016-04-01,2016-04,Newham,E09000025,132,352760
2016-04-01,2016-04,Tower Hamlets,E09000030,192,501379
2016-04-01,2016-04,Waltham Forest,E09000031,162,424112
2016-05-01,2016-05,Greenwich,E09000011,198,397415
2016-05-01,2016-05,Hackney,E09000012,175,533175
2016-05-01,2016-05,Newham,E09000025,141,359225
2016-05-01,2016-05,Tower Hamlets,E09000030,295,494442
2016-05-01,2016-05,Waltham Forest,E09000031,187,416670
2016-06-01,2016-06,Greenwich,E09000011,306,402068
2016-06-01,2016-06,Hackney,E09000012,178,517401
2016-06-01,2016-06,Newham,E09000025,148,367117
2016-06-01,2016-06,Tower Hamlets,E09000030,542,482696
2016-06-01,2016-06,Waltham Forest,E09000031,229,418841
2016-07-01,2016-07,Greenwich,E09000011,258,400792
2016-07-01,2016-07,Hackney,E09000012,186,533141
2016-07-01,2016-07,Newham,E09000025,219,371916
2016-07-01,2016-07,Tower Hamlets,E09000030,463,486813
2016-07-01,2016-07,Waltham Forest,E09000031,260,427281
2016-08-01,2016-08,Greenwich,E09000011,392,400644
2016-08-01,2016-08,Hackney,E09000012,200,543584
2016-08-01,2016-08,Newham,E09000025,218,375521
2016-08-01,2016-08,Tower Hamlets,E09000030,393,493197
2016-08-01,2016-08,Waltham Forest,E09000031,284,429105
2016-09-01,2016-09,Greenwich,E09000011,317,399558
2016-09-01,2016-09,Hackney,E09000012,162,555998
2016-09-01,2016-09,Newham,E09000025,142,378600
2016-09-01,2016-09,Tower Hamlets,E09000030,407,509034
2016-09-01,2016-09,Waltham Forest,E09000031,262,429652
2016-10-01,2016-10,Greenwich,E09000011,346,395471
2016-10-01,2016-10,Hackney,E09000012,212,564897
2016-10-01,2016-10,Newham,E09000025,373,375384
2016-10-01,2016-10,Tower Hamlets,E09000030,367,510843
2016-10-01,2016-10,Waltham Forest,E09000031,283,433897
2016-11-01,2016-11,Greenwich,E09000011,281,391917
2016-11-01,2016-11,Hackney,E09000012,239,576511
2016-11-01,2016-11,Newham,E09000025,309,376807
2016-11-01,2016-11,Tower Hamlets,E09000030,373,513597
2016-11-01,2016-11,Waltham Forest,E09000031,236,444917
2016-12-01,2016-12,Greenwich,E09000011,321,395227
2016-12-01,2016-12,Hackney,E09000012,247,567368
2016-12-01,2016-12,Newham,E09000025,305,369117
2016-12-01,2016-12,Tower Hamlets,E09000030,380,505397
2016-12-01,2016-12,Waltham Forest,E09000031,239,447978
2017-01-01,2017-01,Greenwich,E09000011,259,397734
2017-01-01,2017-01,Hackney,E09000012,179,580485
2017-01-01,2017-01,Newham,E09000025,214,371224
2017-01-01,2017-01,Tower Hamlets,E09000030,378,503104
2017-01-01,2017-01,Waltham Forest,E09000031,229,449862
2017-02-01,2017-02,Greenwich,E09000011,219,401421
2017-02-01,2017-02,Hackney,E09000012,169,570286
2017-02-01,2017-02,Newham,E09000025,280,375421
2017-02-01,2017-02,Tower Hamlets,E09000030,383,516139
2017-02-01,2017-02,Waltham Forest,E09000031,216,444762
2017-03-01,2017-03,Greenwich,E09000011,282,399859
2017-03-01,2017-03,Hackney,E09000012,208,553536
2017-03-01,2017-03,Newham,E09000025,388,380885
2017-03-01,2017-03,Tower Hamlets,E09000030,284,507990
2017-03-01,2017-03,Waltham Forest,E09000031,250,451245
2017-04-01,2017-04,Greenwich,E09000011,234,405234
2017-04-01,2017-04,Hackney,E09000012,172,531345
2017-04-01,2017-04,Newham,E09000025,358,381611
2017-04-01,2017-04,Tower Hamlets,E09000030,268,510664
2017-04-01,2017-04,Waltham Forest,E09000031,177,443393
2017-05-01,2017-05,Greenwich,E09000011,258,406222
2017-05-01,2017-05,Hackney,E09000012,164,521562
2017-05-01,2017-05,Newham,E09000025,359,382252
2017-05-01,2017-05,Tower Hamlets,E09000030,314,492277
2017-05-01,2017-05,Waltham Forest,E09000031,188,446398
2017-06-01,2017-06,Greenwich,E09000011,407,417370
2017-06-01,2017-06,Hackney,E09000012,144,551254
2017-06-01,2017-06,Newham,E09000025,456,378474
2017-06-01,2017-06,Tower Hamlets,E09000030,344,496555
2017-06-01,2017-06,Waltham Forest,E09000031,260,439825
2017-07-01,2017-07,Greenwich,E09000011,307,427068
2017-07-01,2017-07,Hackney,E09000012,218,565753
2017-07-01,2017-07,Newham,E09000025,369,380112
2017-07-01,2017-07,Tower Hamlets,E09000030,245,493069
2017-07-01,2017-07,Waltham Forest,E09000031,246,449987
2017-08-01,2017-08,Greenwich,E09000011,269,430297
2017-08-01,2017-08,Hackney,E09000012,210,591809
2017-08-01,2017-08,Newham,E09000025,290,377328
2017-08-01,2017-08,Tower Hamlets,E09000030,301,489222
2017-08-01,2017-08,Waltham Forest,E09000031,258,452189
2017-09-01,2017-09,Greenwich,E09000011,350,431249
2017-09-01,2017-09,Hackney,E09000012,180,595062
2017-09-01,2017-09,Newham,E09000025,219,385779
2017-09-01,2017-09,Tower Hamlets,E09000030,284,498363
2017-09-01,2017-09,Waltham Forest,E09000031,239,458648
2017-10-01,2017-10,Greenwich,E09000011,384,422273
2017-10-01,2017-10,Hackney,E09000012,199,593905
2017-10-01,2017-10,Newham,E09000025,243,384583
2017-10-01,2017-10,Tower Hamlets,E09000030,239,514680
2017-10-01,2017-10,Waltham Forest,E09000031,274,456738
2017-11-01,2017-11,Greenwich,E09000011,309,417764
2017-11-01,2017-11,Hackney,E09000012,167,580572
2017-11-01,2017-11,Newham,E09000025,260,377601
2017-11-01,2017-11,Tower Hamlets,E09000030,220,516800
2017-11-01,2017-11,Waltham Forest,E09000031,222,454851
2017-12-01,2017-12,Greenwich,E09000011,258,407431
2017-12-01,2017-12,Hackney,E09000012,269,575915
2017-12-01,2017-12,Newham,E09000025,285,365092
2017-12-01,2017-12,Tower Hamlets,E09000030,304,511132
2017-12-01,2017-12,Waltham Forest,E09000031,234,455837
2018-01-01,2018-01,Greenwich,E09000011,207,408369
2018-01-01,2018-01,Hackney,E09000012,171,570429
2018-01-01,2018-01,Newham,E09000025,266,359210
2018-01-01,2018-01,Tower Hamlets,E09000030,208,491512
2018-01-01,2018-01,Waltham Forest,E09000031,180,461321
2018-02-01,2018-02,Greenwich,E09000011,234,409693
2018-02-01,2018-02,Hackney,E09000012,142,572459
2018-02-01,2018-02,Newham,E09000025,390,363199
2018-02-01,2018-02,Tower Hamlets,E09000030,209,487625
2018-02-01,2018-02,Waltham Forest,E09000031,190,462044
2018-03-01,2018-03,Greenwich,E09000011,265,409264
2018-03-01,2018-03,Hackney,E09000012,138,551599
2018-03-01,2018-03,Newham,E09000025,248,368814
2018-03-01,2018-03,Tower Hamlets,E09000030,259,490011
2018-03-01,2018-03,Waltham Forest,E09000031,210,456047
2018-04-01,2018-04,Greenwich,E09000011,292,404462
2018-04-01,2018-04,Hackney,E09000012,141,547818
2018-04-01,2018-04,Newham,E09000025,265,376783
2018-04-01,2018-04,Tower Hamlets,E09000030,188,500468
2018-04-01,2018-04,Waltham Forest,E09000031,173,445000
2018-05-01,2018-05,Greenwich,E09000011,318,408302
2018-05-01,2018-05,Hackney,E09000012,154,559114
2018-05-01,2018-05,Newham,E09000025,261,379372
2018-05-01,2018-05,Tower Hamlets,E09000030,218,509884
2018-05-01,2018-05,Waltham Forest,E09000031,217,444311
2018-06-01,2018-06,Greenwich,E09000011,312,410576
2018-06-01,2018-06,Hackney,E09000012,177,571351
2018-06-01,2018-06,Newham,E09000025,274,383140
2018-06-01,2018-06,Tower Hamlets,E09000030,257,498827
2018-06-01,2018-06,Waltham Forest,E09000031,239,449485
2018-07-01,2018-07,Greenwich,E09000011,401,411124
2018-07-01,2018-07,Hackney,E09000012,203,572615
2018-07-01,2018-07,Newham,E09000025,189,384853
2018-07-01,2018-07,Tower Hamlets,E09000030,332,492845
2018-07-01,2018-07,Waltham Forest,E09000031,262,459347
2018-08-01,2018-08,Greenwich,E09000011,343,408882
2018-08-01,2018-08,Hackney,E09000012,239,563460
2018-08-01,2018-08,Newham,E09000025,218,382334
2018-08-01,2018-08,Tower Hamlets,E09000030,364,483913
2018-08-01,2018-08,Waltham Forest,E09000031,304,460158
2018-09-01,2018-09,Greenwich,E09000011,282,414463
2018-09-01,2018-09,Hackney,E09000012,202,555843
2018-09-01,2018-09,Newham,E09000025,271,382704
2018-09-01,2018-09,Tower Hamlets,E09000030,328,484700
2018-09-01,2018-09,Waltham Forest,E09000031,257,462200
2018-10-01,2018-10,Greenwich,E09000011,341,418214
2018-10-01,2018-10,Hackney,E09000012,148,564368
2018-10-01,2018-10,Newham,E09000025,244,378228
2018-10-01,2018-10,Tower Hamlets,E09000030,297,478619
2018-10-01,2018-10,Waltham Forest,E09000031,253,455713
2018-11-01,2018-11,Greenwich,E09000011,309,410278
2018-11-01,2018-11,Hackney,E09000012,142,561779
2018-11-01,2018-11,Newham,E09000025,282,373651
2018-11-01,2018-11,Tower Hamlets,E09000030,280,481653
2018-11-01,2018-11,Waltham Forest,E09000031,277,453456
2018-12-01,2018-12,Greenwich,E09000011,191,407689
2018-12-01,2018-12,Hackney,E09000012,142,566545
2018-12-01,2018-12,Newham,E09000025,267,371017
2018-12-01,2018-12,Tower Hamlets,E09000030,314,481651
2018-12-01,2018-12,Waltham Forest,E09000031,256,453771
2019-01-01,2019-01,Greenwich,E09000011,273,407275
2019-01-01,2019-01,Hackney,E09000012,155,545465
2019-01-01,2019-01,Newham,E09000025,184,374078
2019-01-01,2019-01,Tower Hamlets,E09000030,236,476574
2019-01-01,2019-01,Waltham Forest,E09000031,208,449347
2019-02-01,2019-02,Greenwich,E09000011,262,413840
2019-02-01,2019-02,Hackney,E09000012,173,550467
2019-02-01,2019-02,Newham,E09000025,150,379724
2019-02-01,2019-02,Tower Hamlets,E09000030,228,469428
2019-02-01,2019-02,Waltham Forest,E09000031,157,450655
2019-03-01,2019-03,Greenwich,E09000011,298,407224
2019-03-01,2019-03,Hackney,E09000012,205,573513
2019-03-01,2019-03,Newham,E09000025,146,383273
2019-03-01,2019-03,Tower Hamlets,E09000030,276,470929
2019-03-01,2019-03,Waltham Forest,E09000031,187,443330
2019-04-01,2019-04,Greenwich,E09000011,235,402876
2019-04-01,2019-04,Hackney,E09000012,139,591652
2019-04-01,2019-04,Newham,E09000025,151,383253
2019-04-01,2019-04,Tower Hamlets,E09000030,214,474919
2019-04-01,2019-04,Waltham Forest,E09000031,165,446279
2019-05-01,2019-05,Greenwich,E09000011,253,401374
2019-05-01,2019-05,Hackney,E09000012,148,581002
2019-05-01,2019-05,Newham,E09000025,181,384801
2019-05-01,2019-05,Tower Hamlets,E09000030,254,469685
2019-05-01,2019-05,Waltham Forest,E09000031,186,439518
2019-06-01,2019-06,Greenwich,E09000011,218,409920
2019-06-01,2019-06,Hackney,E09000012,113,566935
2019-06-01,2019-06,Newham,E09000025,217,375665
2019-06-01,2019-06,Tower Hamlets,E09000030,257,470396
2019-06-01,2019-06,Waltham Forest,E09000031,328,435164
2019-07-01,2019-07,Greenwich,E09000011,293,419577
2019-07-01,2019-07,Hackney,E09000012,348,576958
2019-07-01,2019-07,Newham,E09000025,222,375727
2019-07-01,2019-07,Tower Hamlets,E09000030,399,476509
2019-07-01,2019-07,Waltham Forest,E09000031,267,432351
2019-08-01,2019-08,Greenwich,E09000011,344,418756
2019-08-01,2019-08,Hackney,E09000012,232,587744
2019-08-01,2019-08,Newham,E09000025,175,378516
2019-08-01,2019-08,Tower Hamlets,E09000030,416,486386
2019-08-01,2019-08,Waltham Forest,E09000031,288,439930
2019-09-01,2019-09,Greenwich,E09000011,309,426112
2019-09-01,2019-09,Hackney,E09000012,167,589964
2019-09-01,2019-09,Newham,E09000025,178,385517
2019-09-01,2019-09,Tower Hamlets,E09000030,291,494350
2019-09-01,2019-09,Waltham Forest,E09000031,234,446107
2019-10-01,2019-10,Greenwich,E09000011,284,424480
2019-10-01,2019-10,Hackney,E09000012,191,579898
2019-10-01,2019-10,Newham,E09000025,181,385734
2019-10-01,2019-10,Tower Hamlets,E09000030,268,495470
2019-10-01,2019-10,Waltham Forest,E09000031,229,448450
2019-11-01,2019-11,Greenwich,E09000011,292,429071
2019-11-01,2019-11,Hackney,E09000012,206,573859
2019-11-01,2019-11,Newham,E09000025,195,379666
2019-11-01,2019-11,Tower Hamlets,E09000030,244,495060
2019-11-01,2019-11,Waltham Forest,E09000031,228,451507
2019-12-01,2019-12,Greenwich,E09000011,296,421946
2019-12-01,2019-12,Hackney,E09000012,289,567274
2019-12-01,2019-12,Newham,E09000025,146,377286
2019-12-01,2019-12,Tower Hamlets,E09000030,234,498435
2019-12-01,2019-12,Waltham Forest,E09000031,269,454329
2020-01-01,2020-01,Greenwich,E09000011,206,419756
2020-01-01,2020-01,Hackney,E09000012,174,574592
2020-01-01,2020-01,Newham,E09000025,130,382047
2020-01-01,2020-01,Tower Hamlets,E09000030,289,507479
2020-01-01,2020-01,Waltham Forest,E09000031,201,458448
2020-02-01,2020-02,Greenwich,E09000011,252,419643
2020-02-01,2020-02,Hackney,E09000012,161,589242
2020-02-01,2020-02,Newham,E09000025,115,387885
2020-02-01,2020-02,Tower Hamlets,E09000030,270,520113
2020-02-01,2020-02,Waltham Forest,E09000031,178,450574
2020-03-01,2020-03,Greenwich,E09000011,254,416772
2020-03-01,2020-03,Hackney,E09000012,145,597238
2020-03-01,2020-03,Newham,E09000025,135,386671
2020-03-01,2020-03,Tower Hamlets,E09000030,280,524684
2020-03-01,2020-03,Waltham Forest,E09000031,201,450276
2020-04-01,2020-04,Greenwich,E09000011,116,420497
2020-04-01,2020-04,Hackney,E09000012,60,595785
2020-04-01,2020-04,Newham,E09000025,63,383751
2020-04-01,2020-04,Tower Hamlets,E09000030,149,513497
2020-04-01,2020-04,Waltham Forest,E09000031,95,455350
2020-05-01,2020-05,Greenwich,E09000011,94,418637
2020-05-01,2020-05,Hackney,E09000012,68,598229
2020-05-01,2020-05,Newham,E09000025,75,390966
2020-05-01,2020-05,Tower Hamlets,E09000030,106,508032
2020-05-01,2020-05,Waltham Forest,E09000031,84,461621
2020-06-01,2020-06,Greenwich,E09000011,131,413332
2020-06-01,2020-06,Hackney,E09000012,128,598686
2020-06-01,2020-06,Newham,E09000025,102,397332
2020-06-01,2020-06,Tower Hamlets,E09000030,195,492995
2020-06-01,2020-06,Waltham Forest,E09000031,156,464619
2020-07-01,2020-07,Greenwich,E09000011,198,410206
2020-07-01,2020-07,Hackney,E09000012,167,614742
2020-07-01,2020-07,Newham,E09000025,168,397626
2020-07-01,2020-07,Tower Hamlets,E09000030,246,497277
2020-07-01,2020-07,Waltham Forest,E09000031,184,459940
2020-08-01,2020-08,Greenwich,E09000011,195,411793
2020-08-01,2020-08,Hackney,E09000012,144,609141
2020-08-01,2020-08,Newham,E09000025,180,390322
2020-08-01,2020-08,Tower Hamlets,E09000030,203,506248
2020-08-01,2020-08,Waltham Forest,E09000031,196,464221
2020-09-01,2020-09,Greenwich,E09000011,209,423845
2020-09-01,2020-09,Hackney,E09000012,192,626906
2020-09-01,2020-09,Newham,E09000025,199,386132
2020-09-01,2020-09,Tower Hamlets,E09000030,257,520304
2020-09-01,2020-09,Waltham Forest,E09000031,196,471569
2020-10-01,2020-10,Greenwich,E09000011,294,424564
2020-10-01,2020-10,Hackney,E09000012,160,610820
2020-10-01,2020-10,Newham,E09000025,189,391311
2020-10-01,2020-10,Tower Hamlets,E09000030,333,523820
2020-10-01,2020-10,Waltham Forest,E09000031,247,481837
2020-11-01,2020-11,Greenwich,E09000011,304,429270
2020-11-01,2020-11,Hackney,E09000012,145,613382
2020-11-01,2020-11,Newham,E09000025,183,393359
2020-11-01,2020-11,Tower Hamlets,E09000030,253,514838
2020-11-01,2020-11,Waltham Forest,E09000031,239,485105
2020-12-01,2020-12,Greenwich,E09000011,349,423731
2020-12-01,2020-12,Hackney,E09000012,170,603163
2020-12-01,2020-12,Newham,E09000025,228,399010
2020-12-01,2020-12,Tower Hamlets,E09000030,319,509975
2020-12-01,2020-12,Waltham Forest,E09000031,297,487472
2021-01-01,2021-01,Greenwich,E09000011,287,435387
2021-01-01,2021-01,Hackney,E09000012,205,606513
2021-01-01,2021-01,Newham,E09000025,180,401633
2021-01-01,2021-01,Tower Hamlets,E09000030,276,505973
2021-01-01,2021-01,Waltham Forest,E09000031,264,485426
2021-02-01,2021-02,Greenwich,E09000011,335,438670
2021-02-01,2021-02,Hackney,E09000012,271,599001
2021-02-01,2021-02,Newham,E09000025,257,407527
2021-02-01,2021-02,Tower Hamlets,E09000030,322,528825
2021-02-01,2021-02,Waltham Forest,E09000031,382,486486
2021-03-01,2021-03,Greenwich,E09000011,453,442541
2021-03-01,2021-03,Hackney,E09000012,445,590061
2021-03-01,2021-03,Newham,E09000025,357,413082
2021-03-01,2021-03,Tower Hamlets,E09000030,662,543813
2021-03-01,2021-03,Waltham Forest,E09000031,560,485803
2021-04-01,2021-04,Greenwich,E09000011,277,435486
2021-04-01,2021-04,Hackney,E09000012,212,574956
2021-04-01,2021-04,Newham,E09000025,205,406397
2021-04-01,2021-04,Tower Hamlets,E09000030,342,552155
2021-04-01,2021-04,Waltham Forest,E09000031,293,481947
2021-05-01,2021-05,Greenwich,E09000011,280,438076
2021-05-01,2021-05,Hackney,E09000012,211,563795
2021-05-01,2021-05,Newham,E09000025,176,400019
2021-05-01,2021-05,Tower Hamlets,E09000030,312,542385
2021-05-01,2021-05,Waltham Forest,E09000031,254,479221
2021-06-01,2021-06,Greenwich,E09000011,874,448433
2021-06-01,2021-06,Hackney,E09000012,818,576848
2021-06-01,2021-06,Newham,E09000025,532,404909
2021-06-01,2021-06,Tower Hamlets,E09000030,1166,545958
2021-06-01,2021-06,Waltham Forest,E09000031,854,476821
2021-07-01,2021-07,Greenwich,E09000011,109,436008
2021-07-01,2021-07,Hackney,E09000012,78,611739
2021-07-01,2021-07,Newham,E09000025,94,405742
2021-07-01,2021-07,Tower Hamlets,E09000030,140,546908
2021-07-01,2021-07,Waltham Forest,E09000031,78,475336
2021-08-01,2021-08,Greenwich,E09000011,242,442354
2021-08-01,2021-08,Hackney,E09000012,132,636238
2021-08-01,2021-08,Newham,E09000025,137,408221
2021-08-01,2021-08,Tower Hamlets,E09000030,328,555759
2021-08-01,2021-08,Waltham Forest,E09000031,173,475145
2021-09-01,2021-09,Greenwich,E09000011,387,436226
2021-09-01,2021-09,Hackney,E09000012,287,624634
2021-09-01,2021-09,Newham,E09000025,250,400921
2021-09-01,2021-09,Tower Hamlets,E09000030,506,549612
2021-09-01,2021-09,Waltham Forest,E09000031,413,477766
2021-10-01,2021-10,Greenwich,E09000011,195,453707
2021-10-01,2021-10,Hackney,E09000012,113,586689
2021-10-01,2021-10,Newham,E09000025,96,396387
2021-10-01,2021-10,Tower Hamlets,E09000030,205,547642
2021-10-01,2021-10,Waltham Forest,E09000031,156,480684
2021-11-01,2021-11,Greenwich,E09000011,256,445773
2021-11-01,2021-11,Hackney,E09000012,161,572251
2021-11-01,2021-11,Newham,E09000025,126,397255
2021-11-01,2021-11,Tower Hamlets,E09000030,277,553153
2021-11-01,2021-11,Waltham Forest,E09000031,200,480801
2021-12-01,2021-12,Greenwich,E09000011,254,447028
2021-12-01,2021-12,Hackney,E09000012,209,578650
2021-12-01,2021-12,Newham,E09000025,218,398239
2021-12-01,2021-12,Tower Hamlets,E09000030,296,563994
2021-12-01,2021-12,Waltham Forest,E09000031,259,478806
2022-01-01,2022-01,Greenwich,E09000011,238,452910
2022-01-01,2022-01,Hackney,E09000012,143,607358
2022-01-01,2022-01,Newham,E09000025,156,406458
2022-01-01,2022-01,Tower Hamlets,E09000030,231,572680
2022-01-01,2022-01,Waltham Forest,E09000031,200,477674
2022-02-01,2022-02,Greenwich,E09000011,258,456272
2022-02-01,2022-02,Hackney,E09000012,209,611550
2022-02-01,2022-02,Newham,E09000025,154,404469
2022-02-01,2022-02,Tower Hamlets,E09000030,268,555874
2022-02-01,2022-02,Waltham Forest,E09000031,198,477138
2022-03-01,2022-03,Greenwich,E09000011,233,454327
2022-03-01,2022-03,Hackney,E09000012,221,612640
2022-03-01,2022-03,Newham,E09000025,266,405557
2022-03-01,2022-03,Tower Hamlets,E09000030,322,539165
2022-03-01,2022-03,Waltham Forest,E09000031,269,475669
2022-04-01,2022-04,Greenwich,E09000011,220,447017
2022-04-01,2022-04,Hackney,E09000012,182,589080
2022-04-01,2022-04,Newham,E09000025,195,402306
2022-04-01,2022-04,Tower Hamlets,E09000030,287,537410
2022-04-01,2022-04,Waltham Forest,E09000031,230,478383
2022-05-01,2022-05,Greenwich,E09000011,237,453550
2022-05-01,2022-05,Hackney,E09000012,183,591519
2022-05-01,2022-05,Newham,E09000025,212,410670
2022-05-01,2022-05,Tower Hamlets,E09000030,322,531684
2022-05-01,2022-05,Waltham Forest,E09000031,224,484606
2022-06-01,2022-06,Greenwich,E09000011,306,471756
2022-06-01,2022-06,Hackney,E09000012,207,599439
2022-06-01,2022-06,Newham,E09000025,303,425655
2022-06-01,2022-06,Tower Hamlets,E09000030,395,535662
2022-06-01,2022-06,Waltham Forest,E09000031,258,493585
2022-07-01,2022-07,Greenwich,E09000011,332,484056
2022-07-01,2022-07,Hackney,E09000012,209,622549
2022-07-01,2022-07,Newham,E09000025,262,436933
2022-07-01,2022-07,Tower Hamlets,E09000030,398,537767
2022-07-01,2022-07,Waltham Forest,E09000031,290,508719
2022-08-01,2022-08,Greenwich,E09000011,356,494314
2022-08-01,2022-08,Hackney,E09000012,229,630011
2022-08-01,2022-08,Newham,E09000025,177,432743
2022-08-01,2022-08,Tower Hamlets,E09000030,419,548821
2022-08-01,2022-08,Waltham Forest,E09000031,277,520143
2022-09-01,2022-09,Greenwich,E09000011,292,492588
2022-09-01,2022-09,Hackney,E09000012,283,629265
2022-09-01,2022-09,Newham,E09000025,189,426822
2022-09-01,2022-09,Tower Hamlets,E09000030,395,558210
2022-09-01,2022-09,Waltham Forest,E09000031,269,522556
2022-10-01,2022-10,Greenwich,E09000011,317,493819
2022-10-01,2022-10,Hackney,E09000012,218,627788
2022-10-01,2022-10,Newham,E09000025,198,426543
2022-10-01,2022-10,Tower Hamlets,E09000030,356,556909
2022-10-01,2022-10,Waltham Forest,E09000031,283,521647
2022-11-01,2022-11,Greenwich,E09000011,278,485221
2022-11-01,2022-11,Hackney,E09000012,214,624416
2022-11-01,2022-11,Newham,E09000025,172,433309
2022-11-01,2022-11,Tower Hamlets,E09000030,297,541763
2022-11-01,2022-11,Waltham Forest,E09000031,331,517464
2022-12-01,2022-12,Greenwich,E09000011,229,476900
2022-12-01,2022-12,Hackney,E09000012,192,608364
2022-12-01,2022-12,Newham,E09000025,219,427572
2022-12-01,2022-12,Tower Hamlets,E09000030,250,526632
2022-12-01,2022-12,Waltham Forest,E09000031,241,515770
2023-01-01,2023-01,Greenwich,E09000011,193,471365
2023-01-01,2023-01,Hackney,E09000012,140,611019
2023-01-01,2023-01,Newham,E09000025,161,424484
2023-01-01,2023-01,Tower Hamlets,E09000030,204,517302
2023-01-01,2023-01,Waltham Forest,E09000031,203,511506
2023-02-01,2023-02,Greenwich,E09000011,173,475795
2023-02-01,2023-02,Hackney,E09000012,125,601522
2023-02-01,2023-02,Newham,E09000025,129,420496
2023-02-01,2023-02,Tower Hamlets,E09000030,197,517844
2023-02-01,2023-02,Waltham Forest,E09000031,199,509703
2023-03-01,2023-03,Greenwich,E09000011,181,474312
2023-03-01,2023-03,Hackney,E09000012,161,611912
2023-03-01,2023-03,Newham,E09000025,148,411717
2023-03-01,2023-03,Tower Hamlets,E09000030,205,513539
2023-03-01,2023-03,Waltham Forest,E09000031,226,501392
2023-04-01,2023-04,Greenwich,E09000011,126,457276
2023-04-01,2023-04,Hackney,E09000012,110,596046
2023-04-01,2023-04,Newham,E09000025,113,417731
2023-04-01,2023-04,Tower Hamlets,E09000030,109,512899
2023-04-01,2023-04,Waltham Forest,E09000031,125,504511
2023-05-01,2023-05,Greenwich,E09000011,153,439408
2023-05-01,2023-05,Hackney,E09000012,109,603081
2023-05-01,2023-05,Newham,E09000025,114,421428
2023-05-01,2023-05,Tower Hamlets,E09000030,139,514893
2023-05-01,2023-05,Waltham Forest,E09000031,147,497681
2023-06-01,2023-06,Greenwich,E09000011,176,439931
2023-06-01,2023-06,Hackney,E09000012,146,608774
2023-06-01,2023-06,Newham,E09000025,131,430276
2023-06-01,2023-06,Tower Hamlets,E09000030,176,509545
2023-06-01,2023-06,Waltham Forest,E09000031,190,499460
2023-07-01,2023-07,Greenwich,E09000011,195,454925
2023-07-01,2023-07,Hackney,E09000012,148,617642
2023-07-01,2023-07,Newham,E09000025,100,426096
2023-07-01,2023-07,Tower Hamlets,E09000030,193,499525
2023-07-01,2023-07,Waltham Forest,E09000031,200,493468
2023-08-01,2023-08,Greenwich,E09000011,212,468691
2023-08-01,2023-08,Hackney,E09000012,150,608041
2023-08-01,2023-08,Newham,E09000025,146,419628
2023-08-01,2023-08,Tower Hamlets,E09000030,242,494337
2023-08-01,2023-08,Waltham Forest,E09000031,228,501408
2023-09-01,2023-09,Greenwich,E09000011,223,463636
2023-09-01,2023-09,Hackney,E09000012,199,612750
2023-09-01,2023-09,Newham,E09000025,142,429243
2023-09-01,2023-09,Tower Hamlets,E09000030,281,503331
2023-09-01,2023-09,Waltham Forest,E09000031,221,504878
2023-10-01,2023-10,Greenwich,E09000011,181,455366
2023-10-01,2023-10,Hackney,E09000012,157,626236
2023-10-01,2023-10,Newham,E09000025,115,424347
2023-10-01,2023-10,Tower Hamlets,E09000030,214,504381
2023-10-01,2023-10,Waltham Forest,E09000031,217,506271
2023-11-01,2023-11,Greenwich,E09000011,192,446923
2023-11-01,2023-11,Hackney,E09000012,186,638941
2023-11-01,2023-11,Newham,E09000025,146,425348
2023-11-01,2023-11,Tower Hamlets,E09000030,205,499082
2023-11-01,2023-11,Waltham Forest,E09000031,188,500599
2023-12-01,2023-12,Greenwich,E09000011,187,446287
2023-12-01,2023-12,Hackney,E09000012,137,627736
2023-12-01,2023-12,Newham,E09000025,144,427996
2023-12-01,2023-12,Tower Hamlets,E09000030,162,491127
2023-12-01,2023-12,Waltham Forest,E09000031,188,496778
2024-01-01,2024-01,Greenwich,E09000011,157,453687
2024-01-01,2024-01,Hackney,E09000012,134,607243
2024-01-01,2024-01,Newham,E09000025,165,434668
2024-01-01,2024-01,Tower Hamlets,E09000030,150,494465
2024-01-01,2024-01,Waltham Forest,E09000031,152,501353
2024-02-01,2024-02,Greenwich,E09000011,190,467415
2024-02-01,2024-02,Hackney,E09000012,130,601689
2024-02-01,2024-02,Newham,E09000025,162,444570
2024-02-01,2024-02,Tower Hamlets,E09000030,145,494312
2024-02-01,2024-02,Waltham Forest,E09000031,193,501137
2024-03-01,2024-03,Greenwich,E09000011,238,479878
2024-03-01,2024-03,Hackney,E09000012,156,604604
2024-03-01,2024-03,Newham,E09000025,147,445489
2024-03-01,2024-03,Tower Hamlets,E09000030,217,488046
2024-03-01,2024-03,Waltham Forest,E09000031,166,499866
2024-04-01,2024-04,Greenwich,E09000011,174,469204
2024-04-01,2024-04,Hackney,E09000012,133,604881
2024-04-01,2024-04,Newham,E09000025,119,438054
2024-04-01,2024-04,Tower Hamlets,E09000030,210,483323
2024-04-01,2024-04,Waltham Forest,E09000031,214,493286
2024-05-01,2024-05,Greenwich,E09000011,255,465062
2024-05-01,2024-05,Hackney,E09000012,193,618816
2024-05-01,2024-05,Newham,E09000025,163,422144
2024-05-01,2024-05,Tower Hamlets,E09000030,207,486788
2024-05-01,2024-05,Waltham Forest,E09000031,209,493781
2024-06-01,2024-06,Greenwich,E09000011,183,464477
2024-06-01,2024-06,Hackney,E09000012,188,619527
2024-06-01,2024-06,Newham,E09000025,161,408005
2024-06-01,2024-06,Tower Hamlets,E09000030,215,505927
2024-06-01,2024-06,Waltham Forest,E09000031,221,487659
2024-07-01,2024-07,Greenwich,E09000011,255,479011
2024-07-01,2024-07,Hackney,E09000012,185,618187
2024-07-01,2024-07,Newham,E09000025,160,413159
2024-07-01,2024-07,Tower Hamlets,E09000030,268,513869
2024-07-01,2024-07,Waltham Forest,E09000031,260,486488
2024-08-01,2024-08,Greenwich,E09000011,285,482247
2024-08-01,2024-08,Hackney,E09000012,229,615625
2024-08-01,2024-08,Newham,E09000025,162,425238
2024-08-01,2024-08,Tower Hamlets,E09000030,286,525302
2024-08-01,2024-08,Waltham Forest,E09000031,280,494873
2024-09-01,2024-09,Greenwich,E09000011,272,486134
2024-09-01,2024-09,Hackney,E09000012,226,614855
2024-09-01,2024-09,Newham,E09000025,176,431361
2024-09-01,2024-09,Tower Hamlets,E09000030,274,526028
2024-09-01,2024-09,Waltham Forest,E09000031,211,509192
2024-10-01,2024-10,Greenwich,E09000011,300,485991
2024-10-01,2024-10,Hackney,E09000012,258,624895
2024-10-01,2024-10,Newham,E09000025,205,429528
2024-10-01,2024-10,Tower Hamlets,E09000030,317,530162
2024-10-01,2024-10,Waltham Forest,E09000031,312,513470
2024-11-01,2024-11,Greenwich,E09000011,280,480901
2024-11-01,2024-11,Hackney,E09000012,213,612864
2024-11-01,2024-11,Newham,E09000025,191,425741
2024-11-01,2024-11,Tower Hamlets,E09000030,256,529144
2024-11-01,2024-11,Waltham Forest,E09000031,287,507633
2024-12-01,2024-12,Greenwich,E09000011,240,472036
2024-12-01,2024-12,Hackney,E09000012,179,609536
2024-12-01,2024-12,Newham,E09000025,168,428508
2024-12-01,2024-12,Tower Hamlets,E09000030,219,520073
2024-12-01,2024-12,Waltham Forest,E09000031,227,509168
2025-01-01,2025-01,Greenwich,E09000011,251,467203
2025-01-01,2025-01,Hackney,E09000012,166,608658
2025-01-01,2025-01,Newham,E09000025,215,427597
2025-01-01,2025-01,Tower Hamlets,E09000030,199,513199
2025-01-01,2025-01,Waltham Forest,E09000031,219,512984
2025-02-01,2025-02,Greenwich,E09000011,252,462195
2025-02-01,2025-02,Hackney,E09000012,186,618740
2025-02-01,2025-02,Newham,E09000025,205,421625
2025-02-01,2025-02,Tower Hamlets,E09000030,224,515023
2025-02-01,2025-02,Waltham Forest,E09000031,261,512103
2025-03-01,2025-03,Greenwich,E09000011,560,464885
2025-03-01,2025-03,Hackney,E09000012,482,618351
2025-03-01,2025-03,Newham,E09000025,401,410896
2025-03-01,2025-03,Tower Hamlets,E09000030,563,514398
2025-03-01,2025-03,Waltham Forest,E09000031,603,512049
2025-04-01,2025-04,Greenwich,E09000011,90,464095
2025-04-01,2025-04,Hackney,E09000012,75,604441
2025-04-01,2025-04,Newham,E09000025,79,408211
2025-04-01,2025-04,Tower Hamlets,E09000030,100,523346
2025-04-01,2025-04,Waltham Forest,E09000031,85,506926
2025-05-01,2025-05,Greenwich,E09000011,138,462162
2025-05-01,2025-05,Hackney,E09000012,126,608048
2025-05-01,2025-05,Newham,E09000025,130,410351
2025-05-01,2025-05,Tower Hamlets,E09000030,142,521704
2025-05-01,2025-05,Waltham Forest,E09000031,149,508698
2025-06-01,2025-06,Greenwich,E09000011,203,467439
2025-06-01,2025-06,Hackney,E09000012,157,600312
2025-06-01,2025-06,Newham,E09000025,138,404564
2025-06-01,2025-06,Tower Hamlets,E09000030,249,527686
2025-06-01,2025-06,Waltham Forest,E09000031,201,510468
2025-07-01,2025-07,Greenwich,E09000011,231,469293
2025-07-01,2025-07,Hackney,E09000012,185,619552
2025-07-01,2025-07,Newham,E09000025,167,408036
2025-07-01,2025-07,Tower Hamlets,E09000030,240,524350
2025-07-01,2025-07,Waltham Forest,E09000031,220,515485
2025-08-01,2025-08,Greenwich,E09000011,187,473749
2025-08-01,2025-08,Hackney,E09000012,202,620880
2025-08-01,2025-08,Newham,E09000025,147,405282
2025-08-01,2025-08,Tower Hamlets,E09000030,216,513228
2025-08-01,2025-08,Waltham Forest,E09000031,263,528499
2025-09-01,2025-09,Greenwich,E09000011,178,469306
2025-09-01,2025-09,Hackney,E09000012,164,637115
2025-09-01,2025-09,Newham,E09000025,168,412064
2025-09-01,2025-09,Tower Hamlets,E09000030,199,503399
2025-09-01,2025-09,Waltham Forest,E09000031,191,532059
2025-10-01,2025-10,Greenwich,E09000011,194,466217
2025-10-01,2025-10,Hackney,E09000012,150,631971
2025-10-01,2025-10,Newham,E09000025,143,406328
2025-10-01,2025-10,Tower Hamlets,E09000030,166,492924
2025-10-01,2025-10,Waltham Forest,E09000031,254,536162
2025-11-01,2025-11,Greenwich,E09000011,157,463590
2025-11-01,2025-11,Hackney,E09000012,156,635263
2025-11-01,2025-11,Newham,E09000025,126,406872
2025-11-01,2025-11,Tower Hamlets,E09000030,184,487672
2025-11-01,2025-11,Waltham Forest,E09000031,233,529286
2025-12-01,2025-12,Greenwich,E09000011,163,464119
2025-12-01,2025-12,Hackney,E09000012,122,617292
2025-12-01,2025-12,Newham,E09000025,121,398120
2025-12-01,2025-12,Tower Hamlets,E09000030,145,474155
2025-12-01,2025-12,Waltham Forest,E09000031,189,522634
2026-01-01,2026-01,Greenwich,E09000011,138,478218
2026-01-01,2026-01,Hackney,E09000012,93,620425
2026-01-01,2026-01,Newham,E09000025,85,397170
2026-01-01,2026-01,Tower Hamlets,E09000030,125,466132
2026-01-01,2026-01,Waltham Forest,E09000031,142,520109
2026-02-01,2026-02,Greenwich,E09000011,140,474653
2026-02-01,2026-02,Hackney,E09000012,100,600215
2026-02-01,2026-02,Newham,E09000025,89,382763
2026-02-01,2026-02,Tower Hamlets,E09000030,106,459179
2026-02-01,2026-02,Waltham Forest,E09000031,139,525350
2026-03-01,2026-03,Greenwich,E09000011,,466900
2026-03-01,2026-03,Hackney,E09000012,,613449
2026-03-01,2026-03,Newham,E09000025,,385028
2026-03-01,2026-03,Tower Hamlets,E09000030,,454018
2026-03-01,2026-03,Waltham Forest,E09000031,,526349
2026-04-01,2026-04,Greenwich,E09000011,,455805
2026-04-01,2026-04,Hackney,E09000012,,612501
2026-04-01,2026-04,Newham,E09000025,,395266
2026-04-01,2026-04,Tower Hamlets,E09000030,,457504
2026-04-01,2026-04,Waltham Forest,E09000031,,524099
